t,x_true,y_true,th_true,x_dr,y_dr,th_dr,x_est,y_est,th_est,p00,p11,landmark
0.1,0.1,0,0.015,0.109084,0,0.0247982,0.0962849,0.00784297,0.0111875,0.073666,0.0710992,2
0.2,0.199989,0.00149994,0.03,0.254641,0.0036103,0.0273861,0.249901,0.00946798,0.0260514,0.067069,0.0610521,2
0.3,0.299944,0.00449949,0.045,0.301774,0.00490141,0.0408758,0.219754,0.0927549,0.043815,0.0646839,0.0573961,2
0.4,0.399843,0.00899798,0.06,0.39093,0.00854775,0.065696,0.385572,-0.00207459,0.0448536,0.0640379,0.054469,2
0.5,0.499663,0.0149944,0.075,0.487018,0.0148695,0.0844343,0.472121,-0.0178941,0.0476591,0.0639722,0.0520423,2
0.6,0.599381,0.0224873,0.09,0.593534,0.0238845,0.116959,0.507462,0.0519101,0.0778723,0.0642835,0.0498423,2
0.7,0.698977,0.0314752,0.105,0.699717,0.0363604,0.145874,0.662696,0.0151856,0.108452,0.0650594,0.0480167,2
0.8,0.798426,0.0419559,0.12,0.775421,0.0474827,0.166033,0.761377,0.0141944,0.134652,0.0659268,0.0468764,2
0.9,0.897707,0.0539271,0.135,0.860949,0.0618151,0.173338,0.902489,-0.0162473,0.148885,0.0670231,0.0455443,2
1,0.996797,0.0673862,0.15,0.986262,0.083757,0.187354,0.993784,0.00452424,0.151108,0.0683443,0.0432898,2
1.1,1.09567,0.08233,0.165,1.09859,0.105051,0.193399,1.10453,-0.013171,0.143903,0.0697187,0.0415057,2
1.2,1.19432,0.0987552,0.18,1.22585,0.129976,0.194389,1.24702,0.0129063,0.152547,0.0710932,0.0394805,2
1.3,1.2927,0.116658,0.195,1.33413,0.151294,0.210392,1.34127,0.135536,0.197132,0.072564,0.0378561,2
1.4,1.39081,0.136035,0.21,1.41811,0.169226,0.245462,1.42763,0.0889486,0.207596,0.0744741,0.0367435,2
1.5,1.48861,0.156881,0.225,1.49474,0.188424,0.269762,1.48532,0.124419,0.229564,0.0761375,0.0357964,2
1.6,1.58609,0.179191,0.24,1.62165,0.223516,0.284997,1.62685,0.13259,0.243497,0.0783564,0.033927,2
1.7,1.68322,0.202962,0.255,1.70716,0.248567,0.299612,1.70625,0.162472,0.257606,0.0802639,0.0328393,2
1.8,1.77999,0.228186,0.27,1.79702,0.276325,0.33171,1.81591,0.128502,0.280058,0.0823464,0.0316918,2
1.9,1.87636,0.254859,0.285,1.92335,0.319839,0.34695,1.94428,0.162656,0.294568,0.0847239,0.0298675,2
2,1.97233,0.282975,0.3,2.02956,0.358239,0.370675,2.08196,0.152205,0.318956,0.0870769,0.0284536,2
2.1,2.06786,0.312527,0.315,2.12819,0.396572,0.374936,2.19393,0.199573,0.3303,0.0893867,0.0271413,2
2.2,2.16294,0.343509,0.33,2.23781,0.439715,0.405096,2.31977,0.183018,0.354779,0.0921439,0.0256818,2
2.3,2.25755,0.375913,0.345,2.36906,0.495997,0.415044,2.39467,0.282335,0.352905,0.0952301,0.0239409,2
2.4,2.35166,0.409733,0.36,2.4798,0.544793,0.432855,2.47827,0.332524,0.358089,0.0983808,0.0227043,2
2.5,2.44525,0.44496,0.375,2.559,0.581387,0.450437,2.53037,0.327738,0.349025,0.101117,0.021983,2
2.6,2.5383,0.481587,0.39,2.61932,0.61056,0.458272,2.58306,0.392883,0.364707,0.103353,0.0215549,2
2.7,2.63079,0.519606,0.405,2.76476,0.682307,0.477034,2.76785,0.409793,0.389258,0.107437,0.0200393,2
2.8,2.7227,0.559008,0.42,2.91564,0.760285,0.487737,2.87294,0.469225,0.375289,0.111786,0.0185525,2
2.9,2.81401,0.599784,0.435,2.9644,0.786153,0.495573,2.9117,0.524178,0.386475,0.114091,0.0183101,2
3,2.90469,0.641925,0.45,2.99852,0.804598,0.516895,2.98803,0.533882,0.429987,0.116359,0.0182137,2
3.1,2.99474,0.685422,0.465,3.12881,0.87866,0.511491,2.98045,0.628661,0.461314,0.0208779,0.0147312,0
3.2,3.08412,0.730264,0.48,3.21312,0.925987,0.537182,3.00657,0.68461,0.504334,0.0160879,0.0145013,0
3.3,3.17282,0.776442,0.495,3.30815,0.982586,0.556217,3.10158,0.76158,0.526964,0.0153203,0.0144034,0
3.4,3.26082,0.823945,0.51,3.34576,1.00597,0.560995,3.17685,0.811761,0.523414,0.0156917,0.0144411,0
3.5,3.34809,0.872763,0.525,3.46127,1.07855,0.56919,3.2483,0.903993,0.552258,0.0162945,0.0143735,0
3.6,3.43462,0.922884,0.54,3.53523,1.12587,0.580548,3.37805,0.937599,0.540301,0.017157,0.0143991,0
3.7,3.52039,0.974298,0.555,3.63344,1.19029,0.596786,3.51044,0.96272,0.53792,0.0180319,0.0143725,0
3.8,3.60538,1.02699,0.57,3.71616,1.24649,0.606098,3.62791,1.06271,0.541912,0.0190213,0.0143666,0
3.9,3.68957,1.08096,0.585,3.81257,1.31331,0.624565,3.70449,1.09731,0.566181,0.0198905,0.014317,0
4,3.77295,1.13618,0.6,3.87712,1.35984,0.63383,3.79105,1.20299,0.577141,0.0209267,0.014335,0
4.1,3.85548,1.19264,0.615,3.95653,1.41821,0.652947,3.84281,1.24316,0.606637,0.0217698,0.0143038,0
4.2,3.93716,1.25034,0.63,4.0195,1.46638,0.667781,3.89443,1.18101,0.610904,0.0227068,0.0143101,0
4.3,4.01796,1.30925,0.645,4.11306,1.54016,0.686611,4.03956,1.25832,0.608945,0.0235527,0.014243,0
4.4,4.09787,1.36937,0.66,4.20814,1.61809,0.714996,4.08401,1.42642,0.674523,0.0242638,0.0141514,0
4.5,4.17687,1.43068,0.675,4.2769,1.67779,0.733663,4.16452,1.43878,0.683925,0.0248797,0.0141222,0
4.6,4.25494,1.49317,0.69,4.30597,1.704,0.750653,4.23552,1.4696,0.684866,0.0259555,0.014171,0
4.7,4.33206,1.55682,0.705,4.42158,1.81185,0.761531,4.38983,1.56533,0.6828,0.0260627,0.0140139,0
4.8,4.40823,1.62163,0.72,4.48735,1.87455,0.780264,4.44905,1.62662,0.706277,0.0266403,0.0139609,0
4.9,4.48341,1.68757,0.735,4.55322,1.93974,0.811224,4.53401,1.71724,0.734212,0.0271376,0.0139103,0
5,4.55759,1.75463,0.75,4.63466,2.0255,0.815866,4.62287,1.81247,0.739575,0.0272328,0.0138389,0
5.1,4.63076,1.82279,0.765,4.72696,2.1236,0.838009,4.6838,1.91762,0.775819,0.0270703,0.0137751,0
5.2,4.7029,1.89204,0.78,4.83087,2.23907,0.850108,4.76556,1.98389,0.79476,0.0265512,0.0137384,0
5.3,4.77399,1.96237,0.795,4.90137,2.31934,0.861828,4.85827,2.08042,0.801376,0.0266354,0.0137421,0
5.4,4.84402,2.03376,0.81,4.94846,2.37423,0.87093,4.88195,2.10881,0.818235,0.0269544,0.013756,0
5.5,4.91297,2.10619,0.825,5.01335,2.4513,0.884009,4.91862,2.14442,0.840594,0.0269794,0.0137789,0
5.6,4.98082,2.17964,0.84,5.08456,2.53815,0.92225,5.01931,2.16047,0.865072,0.0268889,0.0138186,0
5.7,5.04757,2.25411,0.855,5.11814,2.58245,0.935194,5.06286,2.16262,0.873085,0.0276403,0.0138427,0
5.8,5.11319,2.32956,0.87,5.21007,2.70707,0.949169,5.16073,2.20287,0.885513,0.0270456,0.0139526,0
5.9,5.17767,2.406,0.885,5.2758,2.79882,0.960851,5.23873,2.2879,0.894047,0.027097,0.014065,0
6,5.241,2.48339,0.9,5.30055,2.83423,0.962603,5.23853,2.41736,0.907882,0.0279085,0.0141055,0
6.1,5.30316,2.56172,0.915,5.3244,2.86848,0.990098,5.3233,2.50242,0.920177,0.0281485,0.014139,0
6.2,5.36414,2.64098,0.93,5.36085,2.92405,0.989604,5.30231,2.59403,0.933307,0.0278315,0.014215,0
6.3,5.42392,2.72114,0.945,5.41371,3.00452,1.00741,5.38245,2.69645,0.946379,0.0268588,0.0143556,0
6.4,5.4825,2.80219,0.96,5.46145,3.0801,1.02845,5.47353,2.83597,0.958249,0.026016,0.0144904,0
6.5,5.53985,2.88411,0.975,5.53344,3.19955,1.04094,5.57278,2.92213,0.968579,0.0241337,0.0147065,0
6.6,5.59597,2.96688,0.99,5.58037,3.27968,1.04902,5.60723,3.06155,0.977121,0.0234432,0.0149143,0
6.7,5.65084,3.05048,1.005,5.58459,3.28702,1.05036,5.62401,3.19612,0.97118,0.0236591,0.0148944,0
6.8,5.70445,3.1349,1.02,5.63151,3.36888,1.07534,5.7007,3.27494,0.994642,0.0218232,0.0149598,0
6.9,5.75678,3.22011,1.035,5.67934,3.45738,1.08275,5.70408,3.27339,1.01422,0.0205543,0.0151474,0
7,5.80783,3.30609,1.05,5.73854,3.5689,1.10174,5.76878,3.38869,1.03308,0.0194338,0.0156843,0
7.1,5.85759,3.39283,1.065,5.78906,3.66857,1.11847,5.71833,3.44428,1.07513,0.018483,0.0160416,0
7.2,5.90604,3.48031,1.08,5.8463,3.78638,1.13319,5.77577,3.55038,1.09095,0.0170718,0.0164798,0
7.3,5.95317,3.56851,1.095,5.88702,3.87342,1.16124,5.83566,3.61187,1.11637,0.0163681,0.0166508,0
7.4,5.99898,3.6574,1.11,5.91565,3.93937,1.17967,5.87422,3.63867,1.13536,0.0162036,0.0167811,0
7.5,6.04345,3.74697,1.125,5.95146,4.02619,1.19297,5.93995,3.79747,1.135,0.0158262,0.0170836,0
7.6,6.08656,3.8372,1.14,5.96003,4.0478,1.19985,6.04419,3.86298,1.12633,0.016135,0.0167628,0
7.7,6.12832,3.92806,1.155,5.98807,4.11989,1.20567,6.09102,3.94462,1.12846,0.0159414,0.016815,0
7.8,6.16871,4.01954,1.17,6.02516,4.21692,1.21282,6.15633,4.0369,1.13327,0.0153678,0.017166,0
7.9,6.20773,4.11162,1.185,6.06172,4.31465,1.23207,6.21697,4.08596,1.15837,0.0148801,0.017768,0
8,6.24536,4.20427,1.2,6.10367,4.43373,1.2552,6.24076,4.18055,1.19146,0.0142698,0.0188543,0
8.1,6.2816,4.29747,1.215,6.12453,4.4976,1.25179,6.2857,4.28107,1.17931,0.0142034,0.0193806,0
8.2,6.31643,4.39121,1.23,6.1596,4.60379,1.2839,6.32743,4.34329,1.21769,0.0137912,0.0200539,0
8.3,6.34985,4.48546,1.245,6.18586,4.69278,1.29757,6.40752,4.41967,1.22631,0.0135918,0.0208923,0
8.4,6.38186,4.5802,1.26,6.21438,4.79457,1.33162,6.43479,4.52351,1.26063,0.013367,0.0222647,0
8.5,6.41244,4.67541,1.275,6.24112,4.90421,1.35926,6.36257,4.68546,1.29062,0.0131579,0.0233079,0
8.6,6.44159,4.77106,1.29,6.2613,4.99818,1.37018,6.37362,4.82962,1.3032,0.0130812,0.0224071,0
8.7,6.4693,4.86715,1.305,6.28804,5.12972,1.38972,6.39459,4.87313,1.32418,0.0128675,0.0225996,0
8.8,6.49557,4.96363,1.32,6.31429,5.27306,1.39608,6.44723,5.01926,1.3293,0.0130636,0.0234112,0
8.9,6.52039,5.06051,1.335,6.3378,5.40627,1.41101,6.46963,5.15865,1.34332,0.0134229,0.0248408,0
9,6.54375,5.15774,1.35,6.3616,5.55397,1.42281,6.54586,5.24777,1.3627,0.0140623,0.0264147,0
9.1,6.56565,5.25531,1.365,6.37353,5.63394,1.45079,6.55415,5.33618,1.38858,0.0147002,0.0279654,0
9.2,6.58609,5.3532,1.38,6.38043,5.69118,1.45979,6.57514,5.40773,1.3939,0.015163,0.0291167,0
9.3,6.60505,5.45139,1.395,6.38989,5.7761,1.4719,6.52629,5.46965,1.412,0.0159666,0.0306326,0
9.4,6.62254,5.54984,1.41,6.40215,5.89962,1.48436,6.54045,5.60122,1.42401,0.0171626,0.0314098,0
9.5,6.63855,5.64855,1.425,6.40857,5.97369,1.50189,6.53273,5.64463,1.44507,0.0180044,0.0322826,0
9.6,6.65308,5.74749,1.44,6.41306,6.03882,1.52725,6.61095,5.75193,1.46527,0.018816,0.0328433,0
9.7,6.66612,5.84664,1.455,6.41697,6.12841,1.54794,6.56861,5.86381,1.4694,0.0205829,0.0346707,0
9.8,6.67767,5.94597,1.47,6.41943,6.23611,1.55082,6.68915,6.04744,1.46854,0.0227785,0.0359817,0
9.9,6.68774,6.04546,1.485,6.42141,6.33522,1.56502,6.72805,6.1668,1.47837,0.0257783,0.0381332,0
10,6.69631,6.14509,1.5,6.42216,6.46609,1.59384,6.6925,6.28642,1.4926,0.030018,0.0402708,0
10.1,6.70338,6.24484,1.515,6.42003,6.55868,1.60177,6.69989,6.3218,1.51616,0.0331844,0.0416281,0
10.2,6.70896,6.34469,1.53,6.41823,6.61676,1.6202,6.72158,6.39764,1.53244,0.0350606,0.0424842,0
10.3,6.71303,6.44461,1.545,6.41375,6.70741,1.63997,6.71,6.4778,1.55299,0.0385349,0.04366,0
10.4,6.71561,6.54457,1.56,6.40694,6.80565,1.65619,6.68162,6.581,1.56468,0.042446,0.0445691,0
10.5,6.71669,6.64457,1.575,6.39122,6.98936,1.69214,6.59121,6.69249,1.60091,0.0505023,0.0453362,0
10.6,6.71627,6.74457,1.59,6.37401,7.13047,1.71677,6.69047,6.78043,1.62583,0.0560935,0.0448177,0
10.7,6.71435,6.84455,1.605,6.3553,7.2577,1.71943,6.69207,6.89418,1.63168,0.0621838,0.0452822,0
10.8,6.71093,6.94449,1.62,6.33674,7.38169,1.71678,6.72198,6.98326,1.63953,0.0686572,0.0458426,0
10.9,6.70601,7.04437,1.635,6.32288,7.47594,1.73929,6.72883,7.07889,1.66246,0.0736233,0.0466217,0
11,6.6996,7.14416,1.65,6.31523,7.52092,1.75723,6.78411,7.16513,1.67179,0.0760469,0.0475613,0
11.1,6.69169,7.24385,1.665,6.30513,7.57444,1.77004,6.78361,7.24575,1.66616,0.0796718,0.0487793,0
11.2,6.68228,7.3434,1.68,6.28887,7.65501,1.80119,6.76367,7.33213,1.68877,0.0854505,0.0497563,0
11.3,6.67138,7.44281,1.695,6.2604,7.77635,1.81692,6.78456,7.4976,1.69628,0.0943799,0.0501956,0
11.4,6.65899,7.54204,1.71,6.22665,7.9107,1.83326,6.70037,7.56136,1.72876,0.105163,0.0505793,0
11.5,6.64512,7.64107,1.725,6.19448,8.03046,1.8673,6.55945,7.62818,1.75722,0.114375,0.0502595,0
11.6,6.62976,7.73988,1.74,6.17187,8.10446,1.88543,6.56956,7.662,1.77621,0.11903,0.0491135,0
11.7,6.61292,7.83846,1.755,6.13967,8.20341,1.90806,6.48712,7.89072,1.78836,0.126438,0.0480882,0
11.8,6.5946,7.93676,1.77,6.12128,8.25584,1.92705,6.47527,7.9072,1.8081,0.13271,0.04733,0
11.9,6.57481,8.03479,1.785,6.07248,8.38697,1.92922,6.39578,7.93464,1.79917,0.145975,0.0457284,0
12,6.55356,8.1325,1.8,6.03854,8.47758,1.93247,6.46868,8.00166,1.80842,0.153643,0.0442446,0
12.1,6.53084,8.22989,1.815,5.98384,8.62217,1.94916,6.41737,8.23379,1.81071,0.168035,0.0430515,0
12.2,6.50666,8.32692,1.83,5.9359,8.74277,1.95323,6.38846,8.2811,1.83655,0.182557,0.0420774,0
12.3,6.48103,8.42358,1.845,5.89542,8.84341,1.97546,6.34673,8.3986,1.85462,0.193951,0.0412002,0
12.4,6.45395,8.51984,1.86,5.83301,8.98913,1.97785,6.39744,8.57537,1.87962,0.211886,0.0396176,0
12.5,6.42543,8.61569,1.875,5.77791,9.11691,2.0039,6.39144,8.744,1.90446,0.228414,0.0386755,0
12.6,6.39548,8.7111,1.89,5.737,9.2054,2.02506,6.3839,8.85278,1.93601,0.240654,0.038232,0
12.7,6.36409,8.80605,1.905,5.69208,9.29738,2.04496,6.31045,8.9123,1.95577,0.253573,0.0376155,0
12.8,6.33129,8.90051,1.92,5.64874,9.38184,2.0609,6.23235,8.98296,1.96004,0.265758,0.0367793,0
12.9,6.29708,8.99448,1.935,5.61965,9.43635,2.07358,6.14509,8.97189,1.96364,0.27421,0.036141,0
13,6.26146,9.08792,1.95,5.57987,9.5087,2.08967,6.11003,9.07654,1.97891,0.284077,0.0348153,0
13.1,6.22444,9.18082,1.965,5.5411,9.57658,2.11051,6.13227,9.21647,2.01515,0.29501,0.0335974,0
13.2,6.18603,9.27315,1.98,5.48179,9.67559,2.12292,6.05933,9.19864,2.05188,0.311788,0.0320306,0
13.3,6.14624,9.36489,1.995,5.4292,9.76097,2.14245,6.07745,9.23542,2.08647,0.32453,0.0305282,0
13.4,6.10508,9.45603,2.01,5.39776,9.80983,2.14305,6.00422,9.3156,2.07555,0.330884,0.0299843,0
13.5,6.06256,9.54654,2.025,5.31934,9.93158,2.16816,5.91198,9.49636,2.08684,0.350908,0.0278906,0
13.6,6.01869,9.6364,2.04,5.28227,9.98607,2.1728,5.87043,9.60004,2.07908,0.361852,0.0269319,0
13.7,5.97347,9.72559,2.055,5.24267,10.0437,2.19635,5.85452,9.73055,2.12828,0.373911,0.0258998,0
13.8,5.92692,9.81409,2.07,5.18299,10.1263,2.20388,5.8043,9.82117,2.12419,0.390275,0.0244063,0
13.9,5.87905,9.90189,2.085,5.11132,10.224,2.22175,5.7361,9.90662,2.1176,0.40965,0.0227925,0
14,5.82986,9.98896,2.1,5.03384,10.3257,2.24336,5.68871,10.0583,2.15738,0.430315,0.0212431,0
14.1,5.77938,10.0753,2.115,4.96614,10.4107,2.24312,5.61555,10.0884,2.15419,0.448273,0.0200195,0
14.2,5.72761,10.1608,2.13,4.92751,10.4592,2.25292,5.54639,10.1059,2.14811,0.45909,0.0193722,0
14.3,5.67455,10.2456,2.145,4.8766,10.5219,2.25273,5.52239,10.1519,2.15455,0.472374,0.0184809,0
14.4,5.62024,10.3296,2.16,4.82041,10.5911,2.25812,5.5104,10.2281,2.17248,0.486986,0.0176455,0
14.5,5.56467,10.4127,2.175,4.74125,10.6876,2.27638,5.51146,10.4441,2.20085,0.507379,0.0166624,0
14.6,5.50786,10.495,2.19,4.66175,10.7809,2.28002,5.43425,10.5427,2.22209,0.527561,0.015915,0
14.7,5.44982,10.5764,2.205,4.62454,10.8243,2.29561,5.38789,10.5617,2.25451,0.538044,0.0156558,0
14.8,5.39056,10.657,2.22,4.54775,10.911,2.3239,5.31994,10.7403,2.24612,0.557285,0.015001,0
14.9,5.33011,10.7366,2.235,4.49818,10.9638,2.34342,5.27897,10.8016,2.25764,0.570549,0.0146869,0
15,5.26847,10.8154,2.25,4.44081,11.0227,2.36756,5.2426,10.9114,2.2766,0.58538,0.0143749,0
15.1,5.20565,10.8932,2.265,4.37209,11.0899,2.38843,5.17031,10.9634,2.30435,0.60216,0.0140908,0
15.2,5.14167,10.97,2.28,4.29145,11.1655,2.40391,5.11476,11.0978,2.32794,0.621118,0.013873,0
15.3,5.07655,11.0459,2.295,4.17646,11.27,2.42581,5.00623,11.1958,2.3328,0.646653,0.0138403,0
15.4,5.01029,11.1208,2.31,4.10584,11.3314,2.44852,4.92474,11.2221,2.34521,0.663105,0.0139738,0
15.5,4.94292,11.1947,2.325,4.06459,11.3657,2.46547,4.86724,11.2886,2.34499,0.673205,0.0141059,0
15.6,4.87445,11.2676,2.34,3.94456,11.462,2.47926,4.76647,11.351,2.36651,0.699218,0.0147956,0
15.7,4.8049,11.3395,2.355,3.83302,11.5489,2.47312,4.6677,11.415,2.36198,0.722698,0.015802,0
15.8,4.73427,11.4103,2.37,3.76019,11.6065,2.49661,4.65275,11.4452,2.40588,0.738592,0.0166461,0
15.9,4.66259,11.48,2.385,3.66833,11.6756,2.51336,4.52884,11.562,2.40383,0.756716,0.0178378,0
16,4.58987,11.5486,2.4,3.53054,11.7757,2.53629,4.36372,11.6077,2.39905,0.785222,0.020225,0
16.1,4.51613,11.6162,2.415,3.41182,11.8578,2.54065,4.27618,11.7807,2.42134,0.808969,0.0228459,0
16.2,4.44139,11.6826,2.43,3.33417,11.911,2.55456,4.21861,11.789,2.44612,0.826161,0.0247653,0
16.3,4.36566,11.7479,2.445,3.21778,11.9885,2.5558,4.10215,11.9075,2.44337,0.849575,0.0279754,0
16.4,4.28895,11.8121,2.46,3.14055,12.0397,2.56881,4.04647,11.9316,2.46763,0.866424,0.0303643,0
16.5,4.2113,11.8751,2.475,3.06281,12.0898,2.57789,3.95155,11.9993,2.46436,0.88255,0.032926,0
16.6,4.1327,11.9369,2.49,3.00272,12.1278,2.58902,3.88763,12.0786,2.47551,0.895706,0.0351505,0
16.7,4.05319,11.9976,2.505,2.8885,12.1983,2.60555,3.80497,12.0939,2.50402,0.91905,0.0396353,0
16.8,3.97278,12.057,2.52,2.80696,12.2467,2.63179,3.71475,12.2202,2.52812,0.935068,0.0430738,0
16.9,3.89148,12.1152,2.535,2.71446,12.2984,2.65455,3.63006,12.3271,2.58133,0.953325,0.0472786,0
17,3.80932,12.1722,2.55,2.58979,12.3644,2.66115,3.51954,12.3193,2.58098,0.975478,0.0534155,0
17.1,3.72632,12.228,2.565,2.46872,12.4275,2.67646,3.41332,12.3148,2.59497,0.996564,0.0599152,0
17.2,3.64249,12.2825,2.58,2.41453,12.4547,2.69721,3.38605,12.3474,2.62235,1.00541,0.0630326,0
17.3,3.55785,12.3358,2.595,2.34277,12.4889,2.73437,3.32228,12.3418,2.66216,1.01719,0.0671248,0
17.4,3.47242,12.3878,2.61,2.23224,12.5366,2.76058,3.13936,12.3274,2.66596,1.03292,0.0739579,0
17.5,3.38622,12.4385,2.625,2.12936,12.5778,2.78674,3.0282,12.3441,2.67961,1.04487,0.081533,0
17.6,3.29926,12.4878,2.64,2.06517,12.6016,2.79381,3.02204,12.3283,2.67989,1.05103,0.0868753,0
17.7,3.21158,12.5359,2.655,1.98941,12.629,2.79706,2.86745,12.4172,2.67704,1.05976,0.0926779,0
17.8,3.12319,12.5827,2.67,1.90379,12.6598,2.81106,2.81255,12.4685,2.71463,1.07043,0.100256,0
17.9,3.03411,12.6281,2.685,1.83313,12.684,2.82522,2.73881,12.4898,2.71816,1.08013,0.106624,0
18,2.94435,12.6722,2.7,1.68453,12.7327,2.83717,2.64504,12.4949,2.72376,1.09938,0.119852,0
18.1,2.85394,12.7149,2.715,1.61163,12.7556,2.8576,2.5752,12.5259,2.74418,1.11085,0.128759,-1
18.2,2.7629,12.7563,2.73,1.50107,12.7878,2.8742,2.46901,12.5705,2.76079,1.12631,0.141374,-1
18.3,2.67126,12.7963,2.745,1.38974,12.8183,2.88251,2.36184,12.6134,2.7691,1.14136,0.154544,-1
18.4,2.57902,12.835,2.76,1.24454,12.8568,2.89735,2.22194,12.668,2.78394,1.15996,0.171685,-1
18.5,2.48621,12.8722,2.775,1.16965,12.8755,2.91053,2.14964,12.6951,2.79712,1.17047,0.182069,-1
18.6,2.39285,12.908,2.79,1.02527,12.9094,2.93032,2.01003,12.7451,2.81691,1.18789,0.200421,-1
18.7,2.29897,12.9425,2.805,0.924406,12.9311,2.95084,1.91226,12.7781,2.83743,1.20025,0.21452,-1
18.8,2.20458,12.9755,2.82,0.773523,12.9602,2.98273,1.76564,12.8241,2.86932,1.21662,0.235194,-1
18.9,2.10971,13.0071,2.835,0.653459,12.9794,3.01045,1.64853,12.8568,2.89704,1.22903,0.252891,-1
19,2.01437,13.0373,2.85,0.530848,12.9956,3.01797,1.52854,12.8867,2.90456,1.24064,0.271599,-1
19.1,1.91859,13.066,2.865,0.395063,13.0125,3.02108,1.39553,12.9188,2.90767,1.25297,0.292826,-1
19.2,1.8224,13.0934,2.88,0.248324,13.0303,3.04126,1.25175,12.9531,2.92784,1.26601,0.316486,-1
19.3,1.7258,13.1192,2.895,0.123963,13.0428,3.04922,1.1296,12.9796,2.93581,1.27669,0.337717,-1
19.4,1.62882,13.1436,2.91,0.0620692,13.0485,3.06464,1.06875,12.9923,2.95123,1.28313,0.34981,-1
19.5,1.53149,13.1666,2.925,-0.0645528,13.0583,3.07635,0.94405,13.0164,2.96294,1.29309,0.372524,-1
19.6,1.43383,13.1881,2.94,-0.137294,13.063,3.09843,0.872314,13.0293,2.98502,1.29963,0.386992,-1
19.7,1.33585,13.2081,2.955,-0.250054,13.0679,3.11346,0.76083,13.0469,3.00005,1.30762,0.408593,-1
19.8,1.23759,13.2266,2.97,-0.303905,13.0694,3.11498,0.707497,13.0545,3.00157,1.3125,0.420448,-1
19.9,1.13906,13.2437,2.985,-0.432103,13.0728,3.13573,0.580508,13.0724,3.02231,1.32061,0.4458,-1
20,1.04028,13.2593,3,-0.551167,13.0735,3.15357,0.462289,13.0866,3.04016,1.32757,0.470309,-1
20.1,0.941283,13.2734,3.015,-0.642618,13.0724,3.15629,0.371301,13.0958,3.04288,1.33299,0.490238,-1
20.2,0.842083,13.286,3.03,-0.765757,13.0706,3.18166,0.248747,13.108,3.06824,1.33932,0.516895,-1
20.3,0.742705,13.2972,3.045,-0.940696,13.0636,3.19574,0.0741388,13.1208,3.08232,1.34587,0.555179,-1
20.4,0.643171,13.3068,3.06,-1.02999,13.0588,3.21303,-0.0151282,13.1261,3.09962,1.35005,0.5766,-1
20.5,0.543504,13.315,3.075,-1.1289,13.0517,3.23827,-0.114205,13.1303,3.12486,1.35387,0.600602,-1
20.6,0.443725,13.3216,3.09,-1.22795,13.0421,3.24638,-0.213703,13.1319,3.13297,1.3569,0.625234,-1
20.7,0.343859,13.3268,3.105,-1.319,13.0325,3.26588,-0.305257,13.1327,3.15246,1.35965,0.64858,-1
20.8,0.243925,13.3304,3.12,-1.41715,13.0202,3.28177,-0.404164,13.1316,3.16836,1.3618,0.674125,-1
20.9,0.143949,13.3326,3.135,-1.4905,13.0099,3.27883,0.392078,13.6508,3.10856,0.192735,0.053745,1
21,0.043951,13.3333,3.15,-1.63326,12.9902,3.29449,0.299057,13.6989,3.11123,0.14104,0.0352523,1
21.1,-0.0560455,13.3324,3.165,-1.77337,12.9686,3.30105,0.254487,13.7191,3.14193,0.125139,0.0294138,1
21.2,-0.156018,13.3301,3.18,-1.82186,12.9608,3.30145,0.133068,13.6748,3.14544,0.117646,0.0271738,1
21.3,-0.255944,13.3262,3.195,-1.91172,12.9463,3.31275,-0.0810756,13.5704,3.17313,0.114288,0.0257688,1
21.4,-0.355802,13.3209,3.21,-2.01603,12.9283,3.33546,-0.195201,13.5507,3.20112,0.112918,0.0246631,1
21.5,-0.455568,13.3141,3.225,-2.13631,12.9047,3.35116,-0.317906,13.5065,3.23588,0.112446,0.0237113,1
21.6,-0.55522,13.3057,3.24,-2.22028,12.8868,3.36342,-0.449261,13.4467,3.25104,0.112504,0.0231938,1
21.7,-0.654736,13.2959,3.255,-2.32128,12.864,3.38792,-0.573713,13.4178,3.2722,0.112923,0.0225895,1
21.8,-0.754094,13.2846,3.27,-2.37245,12.8512,3.40242,-0.649568,13.4177,3.27074,0.11379,0.0224013,1
21.9,-0.853271,13.2718,3.285,-2.45853,12.8282,3.41313,-0.744154,13.407,3.27733,0.114812,0.0219354,1
22,-0.952244,13.2575,3.3,-2.56816,12.7977,3.42528,-0.880655,13.3286,3.29704,0.115882,0.0212942,1
22.1,-1.05099,13.2417,3.315,-2.6609,12.7706,3.43857,-0.944272,13.3253,3.32618,0.116989,0.0207824,1
22.2,-1.14949,13.2245,3.33,-2.74454,12.745,3.43807,-1.02269,13.3283,3.32431,0.118139,0.0203815,1
22.3,-1.24772,13.2057,3.345,-2.89077,12.7004,3.43276,-1.17351,13.2297,3.34207,0.119033,0.0195314,1
22.4,-1.34566,13.1855,3.36,-2.96813,12.6772,3.44055,-1.2188,13.1894,3.37859,0.120204,0.0191946,1
22.5,-1.44329,13.1639,3.375,-3.05813,12.6494,3.45121,-1.36979,13.1392,3.35936,0.121166,0.0188069,1
22.6,-1.54057,13.1407,3.39,-3.14703,12.621,3.45402,-1.43862,13.1114,3.37819,0.122288,0.0183592,1
22.7,-1.6375,13.1162,3.405,-3.21162,12.6001,3.47542,-1.53595,13.1699,3.36032,0.123565,0.0180975,1
22.8,-1.73406,13.0901,3.42,-3.32637,12.5603,3.49275,-1.64235,13.1332,3.38993,0.124714,0.017478,1
22.9,-1.8302,13.0626,3.435,-3.39276,12.536,3.50542,-1.6967,13.1741,3.40117,0.126126,0.0171846,1
23,-1.92593,13.0337,3.45,-3.5035,12.4938,3.51325,-1.83638,13.0038,3.41917,0.12718,0.0166567,1
23.1,-2.02121,13.0034,3.465,-3.60617,12.4538,3.5349,-1.95271,12.9704,3.4348,0.127983,0.0161938,1
23.2,-2.11603,12.9716,3.48,-3.6852,12.421,3.54411,-2.04824,12.8574,3.44747,0.129024,0.0158629,1
23.3,-2.21036,12.9384,3.495,-3.77808,12.3815,3.55973,-2.13318,12.8014,3.47246,0.129714,0.0154856,1
23.4,-2.30418,12.9038,3.51,-3.8526,12.3484,3.58179,-2.21312,12.8071,3.48898,0.130551,0.0152202,1
23.5,-2.39747,12.8678,3.525,-3.95524,12.3,3.5974,-2.3158,12.6447,3.52206,0.131083,0.0148697,1
23.6,-2.49021,12.8304,3.54,-4.0508,12.2532,3.61102,-2.4577,12.5844,3.51522,0.131292,0.0145904,1
23.7,-2.58237,12.7916,3.555,-4.14268,12.2066,3.62422,-2.531,12.5354,3.54152,0.131635,0.0143405,1
23.8,-2.67395,12.7514,3.57,-4.21432,12.169,3.63269,-2.597,12.5108,3.55439,0.132246,0.0141857,1
23.9,-2.76491,12.7098,3.585,-4.32372,12.1105,3.64284,-2.73232,12.4711,3.55013,0.132218,0.0140015,1
24,-2.85524,12.6669,3.6,-4.45559,12.0383,3.65129,-2.81989,12.4683,3.58918,0.131852,0.0138695,1
24.1,-2.94492,12.6227,3.615,-4.50233,12.0122,3.66364,-2.8541,12.464,3.61075,0.133022,0.0138438,1
24.2,-3.03392,12.5771,3.63,-4.58794,11.9629,3.66067,-2.93227,12.4246,3.6153,0.133346,0.0138317,1
24.3,-3.12223,12.5302,3.645,-4.65632,11.9238,3.66901,-3.01176,12.4467,3.61008,0.133989,0.0138459,1
24.4,-3.20982,12.4819,3.66,-4.732,11.8798,3.675,-3.05777,12.4719,3.64047,0.134579,0.0138944,1
24.5,-3.29668,12.4324,3.675,-4.84731,11.8117,3.67502,-3.17687,12.4341,3.6357,0.134222,0.0140351,1
24.6,-3.38279,12.3815,3.69,-4.91517,11.7716,3.6786,-3.22216,12.3931,3.66398,0.134928,0.0141421,1
24.7,-3.46813,12.3294,3.705,-5.01904,11.7098,3.70604,-3.33479,12.3424,3.68362,0.134616,0.0143641,1
24.8,-3.55267,12.276,3.72,-5.14536,11.6298,3.73452,-3.47775,12.3122,3.69714,0.133587,0.014742,1
24.9,-3.63641,12.2213,3.735,-5.21203,11.5848,3.7572,-3.54822,12.2736,3.71773,0.134035,0.0149757,1
25,-3.71931,12.1654,3.75,-5.2976,11.5243,3.7736,-3.64613,12.1851,3.72571,0.133823,0.0153372,1
25.1,-3.80137,12.1083,3.765,-5.40686,11.4443,3.78029,-3.77509,12.1656,3.72228,0.132751,0.0159061,1
25.2,-3.88255,12.0499,3.78,-5.51489,11.3641,3.80709,-3.90228,12.1029,3.7374,0.131812,0.0165822,1
25.3,-3.96286,11.9903,3.795,-5.57497,11.3169,3.81827,-3.94464,12.1075,3.76987,0.132122,0.0170223,1
25.4,-4.04226,11.9295,3.81,-5.6854,11.2283,3.84745,-4.04122,11.9246,3.80881,0.130806,0.0178625,1
25.5,-4.12074,11.8675,3.825,-5.77796,11.1494,3.87176,-4.12107,11.9269,3.84607,0.129484,0.0186427,1
25.6,-4.19828,11.8044,3.84,-5.85251,11.0826,3.88622,-4.16555,11.8785,3.88574,0.12883,0.019291,1
25.7,-4.27487,11.7401,3.855,-5.92346,11.0172,3.89346,-4.24116,11.8461,3.8901,0.128143,0.0198966,1
25.8,-4.35048,11.6746,3.87,-5.9798,10.9646,3.91217,-4.30673,11.7807,3.90083,0.128029,0.0204116,1
25.9,-4.42511,11.6081,3.885,-6.00616,10.939,3.93633,-4.36607,11.663,3.8938,0.128977,0.0206741,1
26,-4.49873,11.5404,3.9,-6.06482,10.8792,3.96983,-4.42033,11.622,3.93288,0.128204,0.0214145,1
26.1,-4.57132,11.4716,3.915,-6.11126,10.8286,3.97378,-4.48912,11.5883,3.92642,0.127884,0.0220404,1
26.2,-4.64287,11.4018,3.93,-6.18701,10.7454,3.99088,-4.559,11.4772,3.94474,0.126262,0.0231256,1
26.3,-4.71337,11.3308,3.945,-6.25306,10.6703,4.00733,-4.65443,11.401,3.94585,0.124843,0.0241437,1
26.4,-4.7828,11.2589,3.96,-6.33195,10.5776,4.01116,-4.74585,11.2916,3.94166,0.122706,0.025497,1
26.5,-4.85113,11.1859,3.975,-6.40914,10.4862,4.02803,-4.81154,11.1879,3.96468,0.120564,0.0269485,1
26.6,-4.91837,11.1118,3.99,-6.4506,10.4354,4.04676,-4.8364,11.0885,3.98486,0.120032,0.0278336,1
26.7,-4.98449,11.0368,4.005,-6.51774,10.3499,4.0486,-4.87678,10.9844,3.99751,0.117874,0.0291937,1
26.8,-5.04947,10.9608,4.02,-6.59637,10.2494,4.06491,-4.95559,10.8893,4.01609,0.11504,0.0307733,1
26.9,-5.11331,10.8838,4.035,-6.66737,10.1555,4.07841,-4.99557,10.725,4.03554,0.112561,0.0323053,1
27,-5.17599,10.8059,4.05,-6.70763,10.1007,4.07917,-5.0671,10.673,4.0256,0.111421,0.0332233,1
27.1,-5.23749,10.7271,4.065,-6.76999,10.0158,4.09321,-5.13431,10.5913,4.03941,0.10915,0.0347988,1
27.2,-5.2978,10.6473,4.08,-6.79969,9.97408,4.10876,-5.16418,10.5123,4.04842,0.108769,0.035725,1
27.3,-5.3569,10.5666,4.095,-6.85783,9.88975,4.12204,-5.29184,10.4678,4.04229,0.106433,0.037395,1
27.4,-5.4148,10.4851,4.11,-6.92207,9.79388,4.12264,-5.32939,10.3929,4.0663,0.103834,0.0395434,1
27.5,-5.47146,10.4027,4.125,-6.98865,9.69439,4.1441,-5.47878,10.4067,4.07497,0.101129,0.0416545,1
27.6,-5.52688,10.3194,4.14,-7.03908,9.61542,4.15351,-5.48745,10.2821,4.10516,0.0996053,0.0435874,1
27.7,-5.58104,10.2354,4.155,-7.12409,9.47949,4.17457,-5.53207,10.1286,4.14653,0.0954699,0.0463883,1
27.8,-5.63394,10.1505,4.17,-7.1822,9.38206,4.18498,-5.57675,10.0188,4.16151,0.0927953,0.0483124,1
27.9,-5.68556,10.0649,4.185,-7.22148,9.31463,4.19385,-5.6903,10.1179,4.17176,0.0913024,0.0497195,1
28,-5.73588,9.97846,4.2,-7.28277,9.20722,4.2089,-5.73095,9.97524,4.19397,0.0887421,0.0519517,1
28.1,-5.78491,9.89131,4.215,-7.33473,9.11289,4.24306,-5.81234,9.84412,4.19797,0.0865007,0.0539079,1
28.2,-5.83262,9.80342,4.23,-7.39673,8.99063,4.26211,-5.89692,9.79638,4.2316,0.0829771,0.0565434,1
28.3,-5.87901,9.71484,4.245,-7.4714,8.83617,4.27075,-5.96788,9.6651,4.25443,0.0784732,0.0596379,1
28.4,-5.92407,9.62556,4.26,-7.51203,8.75022,4.28692,-6.05393,9.64942,4.2676,0.0766509,0.0615164,1
28.5,-5.96778,9.53562,4.275,-7.56102,8.64211,4.30779,-6.13546,9.58454,4.28374,0.0741438,0.0638284,1
28.6,-6.01014,9.44503,4.29,-7.62079,8.50254,4.31994,-6.2098,9.45897,4.29283,0.0705505,0.0666629,1
28.7,-6.05113,9.35382,4.305,-7.65527,8.41922,4.33483,-6.21221,9.34327,4.31699,0.0689887,0.0686399,1
28.8,-6.09075,9.26201,4.32,-7.66444,8.3961,4.35974,-6.23361,9.26395,4.31678,0.0693864,0.0695593,1
28.9,-6.12899,9.16961,4.335,-7.72023,8.24452,4.39286,-6.35121,9.17669,4.34996,0.0649319,0.0726073,1
29,-6.16584,9.07664,4.35,-7.74892,8.15781,4.4126,-6.40013,9.08206,4.3557,0.0630214,0.0748017,1
29.1,-6.20129,8.98314,4.365,-7.77426,8.07582,4.42003,-6.42596,9.04825,4.38819,0.0611962,0.077,1
29.2,-6.23534,8.88911,4.38,-7.80111,7.98662,4.44499,-6.46196,8.96004,4.40973,0.0592763,0.0790961,1
29.3,-6.26797,8.79459,4.395,-7.81921,7.92057,4.45732,-6.44697,8.8289,4.40906,0.0580787,0.0808622,1
29.4,-6.29918,8.69958,4.41,-7.84505,7.82144,4.48169,-6.4441,8.723,4.44063,0.0555113,0.0829576,1
29.5,-6.32896,8.60412,4.425,-7.87963,7.67422,4.50161,-6.44539,8.52371,4.45585,0.0514684,0.0853832,1
29.6,-6.3573,8.50822,4.44,-7.90155,7.57178,4.52053,-6.37429,8.31095,4.46702,0.0487218,0.0871176,1
29.7,-6.3842,8.41191,4.455,-7.92254,7.46372,4.53371,-6.40647,8.21372,4.48119,0.0453996,0.0882574,1
29.8,-6.40966,8.3152,4.47,-7.93709,7.38316,4.56003,-6.389,8.15992,4.51828,0.0432333,0.0896076,1
29.9,-6.43366,8.21812,4.485,-7.94335,7.3424,4.57566,-6.39849,8.06562,4.52144,0.0424423,0.0904643,1
30,-6.45621,8.1207,4.5,-7.95379,7.26652,4.59151,-6.43199,8.05672,4.55163,0.0404945,0.0918572,1
30.1,-6.47729,8.02294,4.515,-7.96364,7.18539,4.60665,-6.43757,7.95355,4.56064,0.0387732,0.0934916,1
30.2,-6.4969,7.92489,4.53,-7.97504,7.07799,4.62337,-6.43137,7.78077,4.55972,0.0363049,0.0952904,1
30.3,-6.51503,7.82654,4.545,-7.98776,6.93549,4.64379,-6.4119,7.58089,4.5683,0.0328477,0.0972567,1
30.4,-6.53169,7.72794,4.56,-7.99392,6.84579,4.64932,-6.39199,7.50436,4.57906,0.0306847,0.0985392,1
30.5,-6.54687,7.6291,4.575,-7.99924,6.76155,4.66011,-6.50927,7.52713,4.60525,0.0288551,0.0997425,1
30.6,-6.56057,7.53004,4.59,-8.00726,6.60834,4.67248,-6.48583,7.3366,4.60753,0.0260372,0.102197,1
30.7,-6.57278,7.43079,4.605,-8.01123,6.50888,4.69118,-6.47105,7.21479,4.62209,0.0243755,0.103992,1
30.8,-6.5835,7.33137,4.62,-8.01274,6.43775,4.71363,-6.4846,7.11222,4.63295,0.0232585,0.105392,1
30.9,-6.59272,7.23179,4.635,-8.01265,6.36192,4.73263,-6.47858,7.07788,4.66819,0.0220375,0.106941,1
31,-6.60045,7.13209,4.65,-8.01067,6.2644,4.75072,-6.53196,6.97981,4.67815,0.0206482,0.10834,1
31.1,-6.60669,7.03229,4.665,-8.00686,6.16499,4.77068,-6.63443,6.88428,4.68164,0.0193409,0.110141,1
31.2,-6.61143,6.9324,4.68,-8.0026,6.092,4.78019,-6.6271,6.82746,4.7125,0.0184893,0.11239,1
31.3,-6.61466,6.83245,4.695,-7.99436,5.9707,4.79895,-6.63534,6.71166,4.73358,0.0171708,0.114248,1
31.4,-6.6164,6.73247,4.71,-7.98571,5.87096,4.80482,-6.62593,6.60344,4.73571,0.0162667,0.115894,1
31.5,-6.61664,6.63247,4.725,-7.97448,5.74978,4.82612,-6.68969,6.51309,4.76406,0.0153162,0.117335,1
31.6,-6.61538,6.53248,4.74,-7.9607,5.62918,4.85002,-6.69966,6.38435,4.77784,0.0146126,0.118918,1
31.7,-6.61262,6.43251,4.755,-7.94767,5.53514,4.87047,-6.67425,6.31165,4.8179,0.0142144,0.120466,1
31.8,-6.60836,6.3326,4.77,-7.93087,5.42972,4.9048,-6.64193,6.19664,4.85081,0.0139214,0.121382,1
31.9,-6.6026,6.23277,4.785,-7.92889,5.41957,4.91242,-6.6552,6.18228,4.85517,0.0139288,0.122709,1
32,-6.59535,6.13303,4.8,-7.90133,5.28365,4.9176,-6.68463,6.03816,4.85281,0.013781,0.122998,1
32.1,-6.5866,6.03342,4.815,-7.88565,5.20829,4.93921,-6.66709,5.94615,4.86431,0.0138351,0.124227,1
32.2,-6.57635,5.93394,4.83,-7.86577,5.12213,4.95148,-6.53118,5.84611,4.87332,0.0140224,0.12511,1
32.3,-6.56462,5.83463,4.845,-7.84494,5.03668,4.96635,-6.48325,5.84465,4.90547,0.0143516,0.124477,1
32.4,-6.5514,5.73551,4.86,-7.82037,4.94205,4.9829,-6.50142,5.66432,4.9024,0.0148098,0.123407,1
32.5,-6.53669,5.6366,4.875,-7.79153,4.83803,4.97805,-6.45776,5.60192,4.91206,0.0156104,0.123278,1
32.6,-6.5205,5.53792,4.89,-7.76407,4.73712,5.00308,-6.5097,5.4925,4.93362,0.0165473,0.122894,1
32.7,-6.50283,5.43949,4.905,-7.72303,4.59995,5.01238,-6.44805,5.37173,4.95452,0.0182033,0.122641,1
32.8,-6.48369,5.34134,4.92,-7.70265,4.53404,5.02051,-6.53095,5.31847,4.96693,0.0190765,0.122968,1
32.9,-6.46308,5.24349,4.935,-7.6686,4.42706,5.0277,-6.39342,5.19753,4.96598,0.0207022,0.123229,1
33,-6.441,5.14596,4.95,-7.63054,4.31039,5.03027,-6.36055,5.11762,4.98004,0.0227966,0.122119,1
33.1,-6.41746,5.04877,4.965,-7.59927,4.21535,5.04874,-6.24941,4.96307,4.98205,0.0246093,0.121374,1
33.2,-6.39247,4.95194,4.98,-7.565,4.11734,5.05833,-6.26757,4.831,4.9891,0.0269141,0.119705,1
33.3,-6.36603,4.8555,4.995,-7.52652,4.01058,5.0674,-6.2372,4.80962,5.03078,0.0299258,0.1188,1
33.4,-6.33814,4.75947,5.01,-7.49356,3.92166,5.07673,-6.17751,4.70691,5.03539,0.0323036,0.117901,1
33.5,-6.30882,4.66386,5.025,-7.46259,3.84046,5.09658,-6.17494,4.5666,5.04055,0.0347325,0.116927,1
33.6,-6.27806,4.56871,5.04,-7.43413,3.77005,5.11799,-6.21457,4.46657,5.06288,0.0373397,0.116614,1
33.7,-6.24588,4.47403,5.055,-7.39306,3.67442,5.13869,-6.27033,4.31197,5.07063,0.041122,0.115933,1
33.8,-6.21229,4.37984,5.07,-7.3531,3.58643,5.15842,-6.20244,4.23955,5.09478,0.0450008,0.115556,1
33.9,-6.17729,4.28617,5.085,-7.30135,3.47821,5.17292,-6.13275,4.12346,5.09568,0.0498499,0.114165,1
34,-6.14088,4.19303,5.1,-7.23453,3.34352,5.18032,-6.08066,3.9934,5.10883,0.0562917,0.111678,1
34.1,-6.10308,4.10045,5.115,-7.20062,3.27641,5.18834,-5.99456,3.94269,5.11082,0.0598614,0.111022,1
34.2,-6.0639,4.00844,5.13,-7.15592,3.1897,5.21656,-6.00171,3.88663,5.15452,0.0644458,0.109154,1
34.3,-6.02334,3.91704,5.145,-7.0931,3.07585,5.23442,-5.96883,3.76344,5.17361,0.0705154,0.106649,1
34.4,-5.98142,3.82625,5.16,-7.021,2.95051,5.24903,-5.95815,3.57726,5.17215,0.0777177,0.103779,1
34.5,-5.93814,3.7361,5.175,-6.97789,2.87804,5.26287,-5.90853,3.53458,5.21311,0.0825925,0.102958,1
34.6,-5.89351,3.64661,5.19,-6.93668,2.81089,5.26678,-5.85424,3.46277,5.2111,0.0869798,0.101913,1
34.7,-5.84754,3.5578,5.205,-6.8924,2.73938,5.28113,-5.82793,3.40679,5.23662,0.0918912,0.100485,1
34.8,-5.80025,3.46969,5.22,-6.81686,2.6212,5.28244,-5.79789,3.29409,5.2508,0.0999025,0.0971888,1
34.9,-5.75164,3.3823,5.235,-6.76682,2.54314,5.32254,-5.66261,3.24839,5.28803,0.105369,0.0956273,1
35,-5.70173,3.29565,5.25,-6.69506,2.4405,5.32911,-5.63916,3.1256,5.29678,0.112595,0.0919077,1
35.1,-5.65052,3.20976,5.265,-6.6659,2.39937,5.35186,-5.60299,3.10434,5.3257,0.115991,0.0912691,1
35.2,-5.59803,3.12464,5.28,-6.6114,2.32609,5.37678,-5.49524,2.95904,5.31585,0.121734,0.0889624,1
35.3,-5.54427,3.04032,5.295,-6.5584,2.25841,5.38233,-5.47271,2.79606,5.30915,0.12832,0.0863939,1
35.4,-5.48924,2.95682,5.31,-6.49097,2.1733,5.39496,-5.3664,2.82711,5.34408,0.137263,0.083125,1
35.5,-5.43298,2.87415,5.325,-6.46224,2.13795,5.40331,-5.28253,2.86167,5.35026,0.140803,0.0817368,1
35.6,-5.37548,2.79234,5.34,-6.40802,2.07238,5.41917,-5.25667,2.78443,5.36838,0.146101,0.0784488,1
35.7,-5.31676,2.71139,5.355,-6.30453,1.95119,5.43966,-5.19657,2.68799,5.40107,0.157436,0.0731298,1
35.8,-5.25683,2.63134,5.37,-6.24839,1.88811,5.45478,-5.14748,2.61508,5.41516,0.163515,0.0707826,1
35.9,-5.1957,2.55219,5.385,-6.15286,1.78399,5.4581,-5.08707,2.58911,5.45083,0.174083,0.066478,1
36,-5.1334,2.47397,5.4,-6.04582,1.66809,5.47363,-4.98777,2.49013,5.47203,0.184626,0.0617071,1
36.1,-5.06993,2.3967,5.415,-5.96225,1.5804,5.47643,-4.89405,2.37229,5.46461,0.192833,0.0583126,1
36.2,-5.00531,2.32038,5.43,-5.90845,1.52424,5.4987,-4.91738,2.25504,5.4883,0.199093,0.0564322,1
36.3,-4.93955,2.24504,5.445,-5.81705,1.43301,5.50465,-4.77008,2.22274,5.50857,0.209586,0.0531478,1
36.4,-4.87267,2.1707,5.46,-5.79163,1.40794,5.53247,-4.69068,2.17644,5.51563,0.212723,0.0525947,1
36.5,-4.80468,2.09737,5.475,-5.71349,1.33504,5.55368,-4.59851,2.04458,5.5219,0.221946,0.0492793,1
36.6,-4.7356,2.02507,5.49,-5.63438,1.26431,5.57733,-4.51614,1.9758,5.54199,0.232075,0.045969,1
36.7,-4.66544,1.95381,5.505,-5.54822,1.19087,5.60094,-4.44551,1.84804,5.5663,0.242664,0.0425322,1
36.8,-4.59422,1.88361,5.52,-5.42038,1.08701,5.60967,-4.33007,1.66112,5.56042,0.257619,0.0377804,1
36.9,-4.52196,1.81448,5.535,-5.30671,0.996309,5.62718,-4.23034,1.52609,5.55569,0.271659,0.0339448,1
37,-4.44867,1.74645,5.55,-5.25258,0.954638,5.64818,-4.17666,1.48725,5.59216,0.279646,0.0323266,1
37.1,-4.37436,1.67953,5.565,-5.15377,0.88184,5.65099,-4.07066,1.50319,5.61182,0.291747,0.0294619,1
37.2,-4.29906,1.61373,5.58,-5.0838,0.830583,5.67144,-4.01014,1.47704,5.63758,0.299844,0.0275684,1
37.3,-4.22278,1.54906,5.595,-5.00114,0.772596,5.69665,-4.04097,1.42925,5.63871,0.0203751,0.01405,3
37.4,-4.14554,1.48555,5.61,-4.91589,0.715943,5.73036,-4.07277,1.37857,5.64507,0.0155034,0.0138883,3
37.5,-4.06736,1.4232,5.625,-4.89344,0.702095,5.74642,-4.09405,1.39784,5.64737,0.0149783,0.0139054,3
37.6,-3.98825,1.36203,5.64,-4.8682,0.687077,5.76343,-4.03653,1.38892,5.67518,0.015624,0.0139588,3
37.7,-3.90823,1.30206,5.655,-4.77285,0.632514,5.78414,-3.98556,1.26116,5.6861,0.0165274,0.0141029,3
37.8,-3.82732,1.24329,5.67,-4.69124,0.588032,5.80052,-3.88782,1.2136,5.71038,0.0175567,0.0142645,3
37.9,-3.74554,1.18574,5.685,-4.60009,0.540266,5.82979,-3.82259,1.13019,5.73328,0.0186588,0.0144851,3
38,-3.6629,1.12943,5.7,-4.51627,0.499426,5.85731,-3.76183,1.17974,5.74246,0.0197973,0.01473,3
38.1,-3.57943,1.07436,5.715,-4.41669,0.454253,5.87211,-3.66406,1.14955,5.75623,0.0209909,0.0150498,3
38.2,-3.49514,1.02055,5.73,-4.36256,0.430659,5.87046,-3.62463,1.1221,5.74846,0.0223733,0.0152924,3
38.3,-3.41006,0.968009,5.745,-4.25741,0.384614,5.89083,-3.52734,1.05114,5.76971,0.0234876,0.0157175,3
38.4,-3.3242,0.916752,5.76,-4.1638,0.345876,5.9048,-3.41383,0.941605,5.80422,0.0246094,0.0161645,3
38.5,-3.23757,0.866787,5.775,-4.08884,0.31608,5.9171,-3.33342,0.901101,5.82107,0.0257335,0.0166159,3
38.6,-3.15021,0.818128,5.79,-3.97543,0.272599,5.93723,-3.23606,0.895841,5.82793,0.0266622,0.0173185,3
38.7,-3.06213,0.770785,5.805,-3.8589,0.230595,5.94821,-3.16446,0.838491,5.81983,0.0276126,0.0181236,3
38.8,-2.97334,0.724768,5.82,-3.78397,0.204515,5.97255,-3.12827,0.738584,5.83837,0.028709,0.0187349,3
38.9,-2.88388,0.680088,5.835,-3.71662,0.182893,5.98477,-3.04842,0.728497,5.85422,0.029724,0.0193305,3
39,-2.79376,0.636755,5.85,-3.63747,0.158545,6.01703,-2.94347,0.777799,5.88458,0.0307193,0.0200978,3
39.1,-2.70299,0.594778,5.865,-3.49999,0.121064,6.04054,-2.79906,0.722442,5.91509,0.031544,0.0214312,3
39.2,-2.61161,0.554168,5.88,-3.35551,0.0853034,6.05504,-2.68375,0.618603,5.92945,0.032312,0.0229959,3
39.3,-2.51963,0.514933,5.895,-3.25508,0.0619844,6.07351,-2.54982,0.677245,5.94363,0.0331708,0.0242727,3
39.4,-2.42707,0.477082,5.91,-3.1686,0.0435812,6.07953,-2.4966,0.623256,5.93978,0.0342352,0.025557,3
39.5,-2.33395,0.440624,5.925,-3.10816,0.0310982,6.08826,-2.41944,0.61945,5.95356,0.0353164,0.0265923,3
39.6,-2.2403,0.405566,5.94,-3.00024,0.009792,6.11364,-2.35281,0.52764,5.9759,0.0361495,0.0282963,3
39.7,-2.14613,0.371917,5.955,-2.92891,-0.00241902,6.1295,-2.24727,0.60445,5.9825,0.0370393,0.0296139,3
39.8,-2.05147,0.339685,5.97,-2.84169,-0.0159307,6.15326,-2.20293,0.542446,5.99565,0.0380171,0.0312814,3
39.9,-1.95633,0.308876,5.985,-2.74938,-0.0279919,6.18017,-2.10866,0.531525,6.02053,0.0388613,0.0330596,3
40,-1.86074,0.279497,6,-2.62627,-0.040719,6.20451,-1.98399,0.527292,6.03875,0.0395939,0.0354594,3
40.1,-1.76473,0.251556,6.015,-2.53995,-0.0475243,6.20858,-1.87684,0.501783,6.05649,0.0405283,0.0374248,3
40.2,-1.6683,0.225057,6.03,-2.409,-0.0573119,6.22155,-1.74279,0.481002,6.06938,0.0412307,0.0403643,3
40.3,-1.57149,0.200009,6.045,-2.28928,-0.0647002,6.2604,-1.62465,0.432494,6.11774,0.0419677,0.0433037,3
40.4,-1.47431,0.176415,6.06,-2.1734,-0.067341,6.26673,-1.56792,0.367391,6.11432,0.0427223,0.0463871,3
40.5,-1.37679,0.154281,6.075,-2.07906,-0.0688932,6.28671,-1.50232,0.352796,6.12294,0.0434188,0.0490708,3
40.6,-1.27895,0.133612,6.09,-1.97044,-0.0685099,6.29925,-1.43002,0.270124,6.14284,0.044092,0.0521842,3
40.7,-1.18081,0.114414,6.105,-1.82837,-0.0662269,6.2986,-1.34535,0.190903,6.14145,0.0445481,0.0562891,3
40.8,-1.0824,0.0966894,6.12,-1.72725,-0.0646683,6.31839,-1.20235,0.185996,6.17133,0.0449923,0.0595311,3
40.9,-0.983724,0.0804432,6.135,-1.63461,-0.0614057,6.33134,-1.12774,0.160459,6.18385,0.0455676,0.0629583,3
41,-0.88482,0.0656789,6.15,-1.4976,-0.0548036,6.33711,-1.02124,0.136073,6.18312,0.0460448,0.0678132,3
41.1,-0.785706,0.0523997,6.165,-1.35609,-0.047165,6.34792,-0.830238,0.196213,6.18261,0.0465003,0.0730278,3
41.2,-0.686403,0.0406087,6.18,-1.20069,-0.0370909,6.35411,-0.700736,0.182217,6.17378,0.0470891,0.0790813,3
41.3,-0.586935,0.0303084,6.195,-1.09551,-0.0296193,6.36174,-0.613988,0.138392,6.18912,0.0477514,0.0836427,3
41.4,-0.487324,0.0215013,6.21,-0.99022,-0.0213311,6.38831,-0.474514,0.128911,6.2302,0.0483314,0.0884004,3
41.5,-0.387591,0.0141893,6.225,-0.854377,-0.00699752,6.40799,-0.411907,0.0728755,6.24413,0.0489245,0.0946456,3
41.6,-0.287761,0.00837408,6.24,-0.783104,0.00194437,6.42998,-0.41242,0.0214644,6.26272,0.0495127,0.098482,3
41.7,-0.187854,0.00405689,6.255,-0.717319,0.0116714,6.44412,-0.320729,0.0384125,6.27719,0.0500356,0.102047,3
41.8,-0.0878935,0.00123873,6.27,-0.631348,0.0256281,6.45572,-0.209357,0.0286764,6.29033,0.0236735,0.0270144,2
41.9,0.0120978,-7.97578e-05,6.285,-0.492399,0.0498425,6.46597,0.00536486,-0.0160999,6.30163,0.0207093,0.0197938,2
42,0.112098,0.000101711,6.3,-0.371564,0.072179,6.48741,0.132851,-0.0270607,6.31941,0.0197346,0.0175573,2
42.1,0.212083,0.0017831,6.315,-0.25702,0.0959024,6.48307,0.263943,0.0392293,6.34346,0.0194561,0.0167767,2
42.2,0.312033,0.00496403,6.33,-0.154746,0.116622,6.51003,0.35751,0.0161446,6.35487,0.0196064,0.0166009,2
42.3,0.411923,0.00964379,6.345,-0.0184896,0.148073,6.5407,0.479453,0.0545875,6.39091,0.0199992,0.0166009,2
42.4,0.511732,0.0158213,6.36,0.0390204,0.163219,6.55486,0.569789,0.0370516,6.40701,0.0205775,0.0169607,2
42.5,0.611437,0.0234952,6.375,0.142555,0.19206,6.57939,0.634018,0.0236177,6.40411,0.0213139,0.0172152,2
42.6,0.711016,0.0326638,6.39,0.246556,0.223799,6.59908,0.766683,-0.0249939,6.40826,0.0221324,0.0174961,2
42.7,0.810446,0.043325,6.405,0.319622,0.24768,6.62536,0.905474,-0.0269098,6.45429,0.022975,0.0178846,2
42.8,0.909705,0.0554764,6.42,0.387132,0.271726,6.63701,0.882271,0.0565327,6.45525,0.0239217,0.0182488,2
42.9,1.00877,0.0691152,6.435,0.48886,0.309301,6.67103,1.01172,0.0461356,6.48747,0.0250383,0.0184678,2
43,1.10762,0.0842384,6.45,0.56815,0.341694,6.68806,1.05633,0.121435,6.50973,0.0261747,0.0187434,2
43.1,1.20623,0.100843,6.465,0.649498,0.376556,6.70132,1.09128,0.192889,6.51947,0.0274385,0.0189874,2
43.2,1.30458,0.118924,6.48,0.762754,0.42688,6.7174,1.15515,0.261166,6.52344,0.0288656,0.0190181,2
43.3,1.40265,0.138479,6.495,0.846044,0.465504,6.72284,1.24907,0.222333,6.50548,0.0302803,0.0192106,2
43.4,1.50042,0.159502,6.51,0.966013,0.521933,6.7268,1.42763,0.25465,6.53358,0.0317256,0.0191083,2
43.5,1.59786,0.18199,6.525,1.03149,0.553047,6.75906,1.48877,0.307597,6.5736,0.0331203,0.0192707,2
43.6,1.69495,0.205936,6.54,1.11407,0.595605,6.77353,1.64604,0.248802,6.59249,0.0347116,0.0192796,2
43.7,1.79167,0.231336,6.555,1.21683,0.650466,6.78207,1.7111,0.214487,6.56145,0.036358,0.0190558,2
43.8,1.888,0.258184,6.57,1.27029,0.679594,6.79875,1.73104,0.267955,6.57293,0.0377112,0.0191841,2
43.9,1.98391,0.286474,6.585,1.36526,0.73341,6.80601,1.86475,0.317414,6.59955,0.0393959,0.0190109,2
44,2.07939,0.316199,6.6,1.45497,0.785113,6.83055,1.94745,0.340378,6.61376,0.0412059,0.0188134,2
44.1,2.17442,0.347354,6.615,1.59233,0.868834,6.84057,2.13817,0.390513,6.6418,0.0433746,0.0182559,2
44.2,2.26896,0.379929,6.63,1.68329,0.925529,6.8547,2.24268,0.416372,6.6549,0.0454024,0.0179788,2
44.3,2.36301,0.41392,6.645,1.76069,0.975304,6.86176,2.32646,0.411629,6.65158,0.0474115,0.0177703,2
44.4,2.45653,0.449317,6.66,1.84184,1.02831,6.88761,2.46519,0.387002,6.68599,0.0494417,0.0175179,2
44.5,2.54952,0.486113,6.675,1.93766,1.09448,6.89821,2.51224,0.523625,6.68827,0.0516616,0.0171147,2
44.6,2.64194,0.5243,6.69,2.03699,1.16465,6.919,2.55677,0.622101,6.68391,0.0542438,0.0167346,2
44.7,2.73378,0.563868,6.705,2.15284,1.25016,6.94004,2.64692,0.787237,6.71054,0.0571207,0.0162929,2
44.8,2.82501,0.60481,6.72,2.19543,1.283,6.93768,2.67771,0.805217,6.69202,0.0594485,0.0163042,2
44.9,2.91562,0.647116,6.735,2.23983,1.31707,6.95554,2.75724,0.806781,6.72353,0.0617258,0.016288,2
45,3.00559,0.690775,6.75,2.30446,1.36852,6.96767,2.62956,0.729095,6.77476,0.0195994,0.014907,0
45.1,3.09489,0.73578,6.765,2.3643,1.41736,6.9998,2.81409,0.853075,6.78592,0.0159396,0.0147352,0
45.2,3.1835,0.782119,6.78,2.4323,1.47659,7.0174,2.93754,0.860055,6.78488,0.0152531,0.0146523,0
45.3,3.27141,0.829781,6.795,2.49756,1.53549,7.04083,2.98961,0.813035,6.80256,0.0155673,0.0146229,0
45.4,3.3586,0.878757,6.81,2.56898,1.60305,7.06053,3.1707,0.911922,6.79431,0.0163198,0.0146196,0
45.5,3.44504,0.929036,6.825,2.66652,1.69903,7.07149,3.36603,0.980768,6.77621,0.0170755,0.0145417,0
45.6,3.53072,0.980605,6.84,2.74946,1.78245,7.10013,3.44265,0.983695,6.80709,0.0179451,0.0144847,0
45.7,3.61561,1.03345,6.855,2.80481,1.84141,7.11364,3.5212,0.996747,6.81218,0.0190112,0.0145068,0
45.8,3.6997,1.08757,6.87,2.87035,1.91314,7.12905,3.63351,1.05151,6.81599,0.0200541,0.0144941,0
45.9,3.78298,1.14294,6.885,2.94772,2.00049,7.13678,3.70366,1.08954,6.83354,0.0209845,0.0144301,0
46,3.86541,1.19955,6.9,3.00237,2.06315,7.1401,3.75198,1.08367,6.83882,0.0220419,0.0144331,0
46.1,3.94698,1.2574,6.915,3.07034,2.14161,7.15562,3.79047,1.19995,6.88769,0.0230307,0.0143939,0
46.2,4.02767,1.31646,6.93,3.13053,2.21331,7.17285,3.88014,1.29053,6.90573,0.0238873,0.0143784,0
46.3,4.10748,1.37672,6.945,3.19169,2.28877,7.19197,4.00067,1.30422,6.90177,0.0246065,0.0143422,0
46.4,4.18636,1.43818,6.96,3.23705,2.34697,7.1989,4.0417,1.382,6.92155,0.0255246,0.0143326,0
46.5,4.26432,1.50081,6.975,3.30962,2.44143,7.2127,4.13574,1.51788,6.94439,0.026017,0.0142319,0
46.6,4.34133,1.5646,6.99,3.35549,2.50288,7.22226,4.16816,1.53948,6.96107,0.026617,0.0142047,0
46.7,4.41737,1.62955,7.005,3.44363,2.62333,7.24398,4.31171,1.65713,6.97539,0.0266896,0.0140591,0
46.8,4.49243,1.69562,7.02,3.489,2.68824,7.27184,4.31117,1.5979,7.0142,0.0272043,0.0140273,0
46.9,4.56649,1.76281,7.035,3.53743,2.76182,7.28799,4.3886,1.6253,7.02084,0.0278806,0.0139958,0
47,4.63954,1.83111,7.05,3.59259,2.84863,7.29148,4.49627,1.75745,7.01751,0.0283662,0.0139383,0
47.1,4.71155,1.90049,7.065,3.66206,2.95883,7.29784,4.60863,1.85362,7.01893,0.028272,0.0138472,0
47.2,4.78252,1.97095,7.08,3.73048,3.0689,7.30557,4.70599,1.95562,7.02721,0.0280956,0.0137788,0
47.3,4.85241,2.04246,7.095,3.79194,3.1695,7.32822,4.72328,2.0637,7.0746,0.0279366,0.0137451,0
47.4,4.92123,2.11502,7.11,3.82743,3.23066,7.34617,4.80564,2.10332,7.08146,0.0281461,0.0137473,0
47.5,4.98896,2.1886,7.125,3.86752,3.3027,7.3644,4.80646,2.07096,7.11331,0.0282589,0.0137484,0
47.6,5.05557,2.26318,7.14,3.93464,3.42867,7.38467,4.92859,2.23045,7.12709,0.0278788,0.0137607,0
47.7,5.12105,2.33876,7.155,3.98094,3.51998,7.40079,5.03672,2.29109,7.12963,0.0276008,0.0137925,0
47.8,5.1854,2.41531,7.17,4.0039,3.56712,7.40182,5.04529,2.48481,7.14287,0.0280426,0.0138174,0
47.9,5.24858,2.49281,7.185,4.04421,3.65011,7.40064,5.10367,2.54341,7.14179,0.0270235,0.013871,0
48,5.3106,2.57126,7.2,4.07831,3.7201,7.40783,5.19237,2.58774,7.13996,0.0265729,0.0139297,0
48.1,5.37144,2.65063,7.215,4.13307,3.83459,7.43981,5.23947,2.72105,7.18119,0.0256226,0.0140638,0
48.2,5.43108,2.7309,7.23,4.17282,3.92502,7.47941,5.2751,2.76502,7.22642,0.0247712,0.0141895,0
48.3,5.4895,2.81205,7.245,4.19851,3.99036,7.49119,5.37545,2.76288,7.22154,0.0245912,0.0142866,0
48.4,5.54671,2.89407,7.26,4.22697,4.06532,7.50136,5.43865,2.79901,7.22706,0.0246018,0.0144291,0
48.5,5.60267,2.97695,7.275,4.27981,4.20893,7.51537,5.51248,2.99987,7.24305,0.0234455,0.0147733,0
48.6,5.65739,3.06065,7.29,4.30376,4.27692,7.52726,5.56116,3.09865,7.25239,0.0228816,0.0148838,0
48.7,5.71084,3.14516,7.305,4.32962,4.35325,7.54514,5.57407,3.2185,7.27399,0.0220405,0.0150146,0
48.8,5.76303,3.23047,7.32,4.36348,4.45936,7.55974,5.64356,3.25413,7.28864,0.020407,0.0151884,0
48.9,5.81392,3.31655,7.335,4.39138,4.55142,7.58605,5.70742,3.2914,7.31444,0.019735,0.0154677,0
49,5.86352,3.40338,7.35,4.40495,4.60086,7.60382,5.79614,3.32518,7.31454,0.0199665,0.0156739,0
49.1,5.91181,3.49095,7.365,4.43867,4.73284,7.63053,5.88453,3.50393,7.32815,0.0189662,0.016174,0
49.2,5.95879,3.57923,7.38,4.46399,4.84427,7.65711,5.93221,3.61059,7.35553,0.0179969,0.0163526,0
49.3,6.00443,3.6682,7.395,4.49374,4.9934,7.67523,5.97252,3.70979,7.38137,0.0165538,0.0166992,0
49.4,6.04873,3.75785,7.41,4.51125,5.09034,7.68005,6.0146,3.78013,7.38815,0.0159386,0.0170455,0
49.5,6.09169,3.84816,7.425,4.53376,5.21846,7.69042,6.05873,3.82517,7.40814,0.0150831,0.0175381,0
49.6,6.13328,3.9391,7.44,4.55819,5.36648,7.71049,6.14073,3.99438,7.41939,0.0142275,0.0183497,0
49.7,6.17351,4.03065,7.455,4.57467,5.48056,7.70908,6.16578,4.02197,7.43036,0.0138627,0.0185854,0
49.8,6.21236,4.1228,7.47,4.57536,5.48524,7.72461,6.20306,4.01767,7.43816,0.014489,0.0188421,0
49.9,6.24982,4.21551,7.485,4.58683,5.57344,7.7374,6.26338,4.10577,7.44363,0.0143185,0.019603,0
50,6.28588,4.30878,7.5,4.59745,5.66408,7.75931,6.2925,4.24127,7.45793,0.0141531,0.0202917,0
50.1,6.32055,4.40258,7.515,4.60836,5.77897,7.77272,6.29607,4.33995,7.47649,0.0137455,0.0206173,0
50.2,6.3538,4.49689,7.53,4.62151,5.94046,7.77955,6.40775,4.46213,7.48067,0.0130988,0.02105,0
50.3,6.38563,4.59169,7.545,4.62629,6.00456,7.78538,6.47866,4.49148,7.48576,0.0132407,0.0219886,0
50.4,6.41604,4.68695,7.56,4.63107,6.07416,7.80243,6.45593,4.59334,7.50032,0.0133121,0.0234562,0
50.5,6.44502,4.78266,7.575,4.63628,6.17518,7.82251,6.43973,4.67234,7.52657,0.0131971,0.0241945,0
50.6,6.47256,4.8788,7.59,4.63939,6.27382,7.84324,6.50601,4.75594,7.5454,0.0131599,0.0244592,0
50.7,6.49865,4.97533,7.605,4.64026,6.35534,7.85221,6.50878,4.90418,7.54311,0.0132115,0.0255685,0
50.8,6.52329,5.07225,7.62,4.64038,6.4237,7.87031,6.49664,5.05121,7.55217,0.0132429,0.0262456,0
50.9,6.54648,5.16952,7.635,4.63901,6.50764,7.89788,6.47846,5.14711,7.57648,0.0132137,0.0269681,0
51,6.5682,5.26714,7.65,4.63394,6.62312,7.91366,6.62417,5.25396,7.59884,0.0134075,0.027821,0
51.1,6.58846,5.36506,7.665,4.62807,6.72132,7.91749,6.7094,5.36204,7.60298,0.0140224,0.0302695,0
51.2,6.60724,5.46328,7.68,4.62077,6.83619,7.9164,6.65827,5.40671,7.63431,0.0150296,0.03309,0
51.3,6.62455,5.56177,7.695,4.61288,6.96245,7.94246,6.59915,5.54112,7.65971,0.0162226,0.0344962,0
51.4,6.64039,5.66051,7.71,4.61015,6.99323,7.95517,6.57692,5.57178,7.6725,0.0163256,0.0340747,0
51.5,6.65473,5.75948,7.725,4.60154,7.07797,7.96157,6.63393,5.58618,7.68162,0.0172255,0.0344375,0
51.6,6.6676,5.85865,7.74,4.59302,7.15688,7.96626,6.68642,5.6507,7.68796,0.0183461,0.0354792,0
51.7,6.67897,5.958,7.755,4.5754,7.31313,7.97894,6.66973,5.75998,7.71382,0.0210331,0.037692,0
51.8,6.68885,6.05751,7.77,4.56404,7.40358,7.98124,6.70795,5.88252,7.71085,0.0224574,0.0385988,0
51.9,6.69724,6.15716,7.785,4.54774,7.531,7.98079,6.71709,6.03147,7.70399,0.0252784,0.0405297,0
52,6.70413,6.25692,7.8,4.53706,7.61473,7.9998,6.76455,6.0688,7.73779,0.0274077,0.0421569,0
52.1,6.70953,6.35677,7.815,4.51906,7.73732,8.00526,6.75069,6.17141,7.74839,0.0308763,0.0439863,0
52.2,6.71343,6.4567,7.83,4.50817,7.80874,8.02924,6.7771,6.26084,7.7692,0.0328025,0.0450864,0
52.3,6.71582,6.55667,7.845,4.48633,7.93206,8.03757,6.73654,6.38809,7.7723,0.0370945,0.0467336,0
52.4,6.71672,6.65666,7.86,4.4628,8.05882,8.05498,6.77772,6.53144,7.7896,0.0418429,0.0479123,0
52.5,6.71612,6.75666,7.875,4.43584,8.19112,8.07058,6.79851,6.60936,7.82397,0.0478188,0.0494214,0
52.6,6.71402,6.85664,7.89,4.41518,8.28504,8.08446,6.77063,6.62517,7.85532,0.0520184,0.0504951,0
52.7,6.71042,6.95658,7.905,4.39153,8.38581,8.08869,6.8075,6.67898,7.86425,0.0559373,0.0507804,0
52.8,6.70532,7.05645,7.92,4.35405,8.54255,8.10968,6.68822,6.79794,7.89891,0.0632755,0.0515079,0
52.9,6.69872,7.15623,7.935,4.32684,8.64666,8.11779,6.71365,6.97835,7.90318,0.067095,0.0508118,0
53,6.69063,7.2559,7.95,4.29897,8.74981,8.13758,6.73636,7.09922,7.92427,0.0735949,0.0513206,0
53.1,6.68104,7.35544,7.965,4.27782,8.8224,8.15375,6.72583,7.19629,7.93183,0.078856,0.0520237,0
53.2,6.66996,7.45482,7.98,4.24714,8.92164,8.17746,6.70319,7.32276,7.943,0.0864932,0.0524888,0
53.3,6.65739,7.55403,7.995,4.20961,9.0336,8.19211,6.65258,7.41065,7.95059,0.0957815,0.0526613,0
53.4,6.64334,7.65304,8.01,4.18768,9.09596,8.19362,6.65929,7.39945,7.96396,0.101148,0.0526368,0
53.5,6.6278,7.75182,8.025,4.1562,9.18507,8.19777,6.65707,7.55167,7.96181,0.107832,0.0524032,0
53.6,6.61078,7.85036,8.04,4.10646,9.324,8.20802,6.63343,7.68007,7.9741,0.12066,0.0522082,0
53.7,6.59229,7.94864,8.055,4.07873,9.39902,8.22305,6.66633,7.78508,7.99469,0.128119,0.0522218,0
53.8,6.57232,8.04663,8.07,4.04148,9.49531,8.2398,6.63603,7.866,8.01295,0.138321,0.0522801,0
53.9,6.55088,8.1443,8.085,3.97158,9.66741,8.25227,6.69197,8.03113,8.05617,0.156415,0.0514207,0
54,6.52799,8.24164,8.1,3.93766,9.74803,8.26437,6.60849,8.10056,8.0548,0.16521,0.0516651,0
54.1,6.50363,8.33863,8.115,3.90253,9.82877,8.27515,6.57961,8.17612,8.06553,0.17439,0.0513489,0
54.2,6.47783,8.43525,8.13,3.88681,9.86386,8.29302,6.64937,8.23328,8.09632,0.178747,0.0513982,0
54.3,6.45057,8.53146,8.145,3.84208,9.9591,8.31727,6.6233,8.3635,8.10355,0.190449,0.0511037,0
54.4,6.42188,8.62726,8.16,3.77467,10.094,8.3329,6.56068,8.4591,8.13528,0.208003,0.0500834,0
54.5,6.39176,8.72261,8.175,3.71017,10.2183,8.34803,6.51558,8.60838,8.14508,0.224259,0.0487677,0
54.6,6.3602,8.8175,8.19,3.63678,10.3545,8.37292,6.48186,8.76972,8.17032,0.243491,0.0471303,0
54.7,6.32723,8.91191,8.205,3.57751,10.4583,8.38423,6.39441,8.84185,8.17084,0.259312,0.0458911,0
54.8,6.29284,9.00581,8.22,3.52894,10.5412,8.39826,6.37739,8.95145,8.18628,0.272096,0.0446399,0
54.9,6.25705,9.09919,8.235,3.48125,10.6199,8.41699,6.3669,9.01626,8.21715,0.285291,0.0435079,0
55,6.21987,9.19202,8.25,3.42063,10.716,8.44552,6.34723,9.12537,8.25213,0.301164,0.0420621,0
55.1,6.18129,9.28428,8.265,3.35428,10.8148,8.45451,6.3063,9.28305,8.24811,0.318141,0.0404993,0
55.2,6.14134,9.37595,8.28,3.269,10.9393,8.47985,6.25731,9.42256,8.28377,0.340812,0.0384339,0
55.3,6.10001,9.46701,8.295,3.21237,11.0176,8.49825,6.19655,9.48866,8.29462,0.356067,0.0371764,0
55.4,6.05733,9.55744,8.31,3.15753,11.0906,8.51877,6.1682,9.60699,8.31253,0.370615,0.0358606,0
55.5,6.01329,9.64722,8.325,3.12331,11.1343,8.53886,6.10459,9.61305,8.31007,0.380575,0.0351529,0
55.6,5.96791,9.73633,8.34,3.0716,11.1976,8.55118,6.03222,9.71158,8.30591,0.393975,0.0338004,0
55.7,5.9212,9.82475,8.355,3.00347,11.2789,8.56591,5.97243,9.81359,8.31248,0.411848,0.0319113,0
55.8,5.87317,9.91246,8.37,2.94132,11.351,8.56802,5.93752,9.92362,8.32238,0.428433,0.0302208,0
55.9,5.82382,9.99944,8.385,2.92204,11.3732,8.58095,5.91903,9.88851,8.32518,0.435256,0.0296332,0
56,5.77318,10.0857,8.4,2.87077,11.4309,8.59837,5.90458,9.97069,8.35045,0.448644,0.0283707,0
56.1,5.72125,10.1711,8.415,2.77985,11.5296,8.61067,5.8163,10.1085,8.34768,0.471713,0.0263917,0
56.2,5.66805,10.2558,8.43,2.69773,11.6165,8.63326,5.79253,10.2566,8.39893,0.493334,0.0246503,0
56.3,5.61358,10.3397,8.445,2.61185,11.7035,8.65691,5.72279,10.3379,8.41523,0.515542,0.022998,0
56.4,5.55786,10.4227,8.46,2.5411,11.7718,8.65811,5.68278,10.5004,8.4175,0.533789,0.0217265,0
56.5,5.5009,10.5049,8.475,2.47561,11.8349,8.68069,5.63919,10.5981,8.43183,0.551341,0.0206507,0
56.6,5.44271,10.5862,8.49,2.40184,11.9028,8.69059,5.58506,10.6748,8.43056,0.570528,0.0195374,0
56.7,5.38331,10.6667,8.505,2.32647,11.9708,8.72045,5.5081,10.6926,8.42839,0.590178,0.0185146,0
56.8,5.32271,10.7462,8.52,2.25566,12.031,8.73459,5.49189,10.7912,8.45816,0.607854,0.0176212,0
56.9,5.26093,10.8248,8.535,2.21285,12.0663,8.76901,5.48474,10.8681,8.50356,0.619327,0.0171894,0
57,5.19797,10.9025,8.55,2.1157,12.1411,8.79233,5.38296,10.897,8.52899,0.64208,0.016229,0
57.1,5.13385,10.9793,8.565,2.11021,12.1451,8.8094,5.35167,10.824,8.54272,0.644473,0.0162076,0
57.2,5.06859,11.055,8.58,2.05382,12.1849,8.82699,5.32053,10.8605,8.56262,0.655636,0.0156417,0
57.3,5.0022,11.1298,8.595,1.95562,12.2518,8.83358,5.25285,10.9654,8.57093,0.675695,0.0148591,0
57.4,4.9347,11.2036,8.61,1.85888,12.3167,8.83614,5.17742,11.1203,8.56887,0.696697,0.014306,0
57.5,4.8661,11.2764,8.625,1.78612,12.3653,8.84858,5.1342,11.2096,8.60121,0.714164,0.0140274,0
57.6,4.79641,11.3481,8.64,1.69564,12.4241,8.8584,5.06286,11.2724,8.62907,0.734868,0.013841,0
57.7,4.72566,11.4188,8.655,1.60475,12.4819,8.87065,4.97704,11.344,8.63047,0.75515,0.0138384,0
57.8,4.65385,11.4884,8.67,1.53516,12.525,8.89589,4.92373,11.4287,8.65711,0.77123,0.0139688,0
57.9,4.58101,11.5569,8.685,1.43805,12.5817,8.91497,4.83467,11.5266,8.65711,0.792446,0.0143561,0
58,4.50714,11.6243,8.7,1.35587,12.6277,8.93792,4.75804,11.5903,8.65266,0.810869,0.0148696,0
58.1,4.43228,11.6906,8.715,1.27375,12.6711,8.96956,4.70864,11.6106,8.71076,0.829268,0.0155565,0
58.2,4.35643,11.7557,8.73,1.16685,12.7235,8.99481,4.60483,11.6857,8.72809,0.850594,0.0167208,0
58.3,4.27961,11.8198,8.745,1.05666,12.774,8.99546,4.49747,11.8193,8.72202,0.872267,0.0182856,0
58.4,4.20184,11.8826,8.76,0.956199,12.82,9.00144,4.42002,11.8542,8.73249,0.893059,0.0200286,0
58.5,4.12313,11.9443,8.775,0.889438,12.8501,9.02388,4.35178,11.891,8.74418,0.907298,0.0213485,0
58.6,4.04351,12.0048,8.79,0.830512,12.875,9.04532,4.30181,11.8909,8.7583,0.919779,0.0226711,0
58.7,3.96299,12.0641,8.805,0.733491,12.9137,9.08463,4.18522,11.9663,8.78419,0.938203,0.0250406,0
58.8,3.88159,12.1222,8.82,0.646954,12.9444,9.10477,4.07884,12.0993,8.81424,0.954257,0.0275705,0
58.9,3.79933,12.1791,8.835,0.555402,12.9747,9.12907,4.00509,12.1485,8.83457,0.97069,0.0306314,0
59,3.71622,12.2347,8.85,0.45842,13.0042,9.14694,3.90773,12.2153,8.80792,0.987861,0.0341198,0
59.1,3.63229,12.289,8.865,0.334012,13.0397,9.17484,3.78869,12.3102,8.82688,1.01013,0.0388836,0
59.2,3.54755,12.3421,8.88,0.239857,13.0638,9.19532,3.68278,12.4026,8.86409,1.02693,0.0429462,0
59.3,3.46203,12.394,8.895,0.188376,13.0758,9.20372,3.66292,12.3974,8.87168,1.03602,0.0455937,0
59.4,3.37574,12.4445,8.91,0.0867595,13.0986,9.22422,3.55322,12.503,8.90051,1.05323,0.0504386,0
59.5,3.2887,12.4937,8.925,-0.0391707,13.1242,9.2569,3.45187,12.5686,8.90292,1.07324,0.0569539,0
59.6,3.20093,12.5417,8.94,-0.0906973,13.133,9.28398,3.41372,12.5758,8.92007,1.08278,0.0598623,0
59.7,3.11245,12.5883,8.955,-0.174345,13.1448,9.30208,3.32641,12.6,8.90973,1.09656,0.0645707,0
59.8,3.02328,12.6335,8.97,-0.2838,13.1583,9.31904,3.24492,12.6933,8.96032,1.11391,0.071088,0
59.9,2.93345,12.6774,8.985,-0.387708,13.1693,9.34267,3.14874,12.7592,8.98941,1.12985,0.0775504,0
60,2.84296,12.72,9,-0.498829,13.1785,9.36147,3.04764,12.8062,9.00821,1.14609,0.0873013,-1
60.1,2.75185,12.7612,9.015,-0.620366,13.1862,9.37282,2.93628,12.8555,9.01956,1.16308,0.0982564,-1
60.2,2.66013,12.8011,9.03,-0.728297,13.1918,9.38147,2.83695,12.8981,9.02822,1.17819,0.108717,-1
60.3,2.56782,12.8395,9.045,-0.839155,13.1966,9.39587,2.7346,12.941,9.04261,1.19345,0.11984,-1
60.4,2.47494,12.8766,9.06,-1.03176,13.2022,9.41318,2.55582,13.0128,9.05992,1.21752,0.138443,-1
60.5,2.38152,12.9123,9.075,-1.13815,13.2034,9.42241,2.45643,13.0508,9.06915,1.2315,0.150473,-1
60.6,2.28758,12.9466,9.09,-1.20126,13.2036,9.43411,2.39726,13.0728,9.08085,1.24067,0.158846,-1
60.7,2.19313,12.9794,9.105,-1.27479,13.2029,9.43504,2.32803,13.0976,9.08178,1.25072,0.16841,-1
60.8,2.0982,13.0108,9.12,-1.38836,13.2017,9.45511,2.22107,13.1357,9.10186,1.26491,0.182235,-1
60.9,2.00281,13.0409,9.135,-1.44052,13.2001,9.48134,2.17159,13.1523,9.12808,1.2725,0.190146,-1
61,1.90698,13.0694,9.15,-1.53974,13.1945,9.50046,2.07655,13.1814,9.1472,1.28396,0.203349,-1
61.1,1.81073,13.0966,9.165,-1.60181,13.1898,9.513,2.01668,13.1984,9.15974,1.29174,0.212801,-1
61.2,1.71409,13.1222,9.18,-1.70298,13.1809,9.52713,1.91867,13.225,9.17387,1.30249,0.227042,-1
61.3,1.61707,13.1465,9.195,-1.79698,13.1712,9.54314,1.82713,13.2485,9.18988,1.3123,0.240914,-1
61.4,1.51969,13.1693,9.21,-1.88949,13.1602,9.56634,1.73653,13.2702,9.21308,1.32158,0.25506,-1
61.5,1.42199,13.1906,9.225,-1.97751,13.1477,9.59817,1.6496,13.2889,9.24491,1.32994,0.269103,-1
61.6,1.32398,13.2104,9.24,-2.12799,13.1213,9.61333,1.4993,13.3162,9.26007,1.34104,0.292433,-1
61.7,1.22568,13.2288,9.255,-2.2545,13.0972,9.63077,1.37225,13.3373,9.27751,1.35021,0.313407,-1
61.8,1.12712,13.2457,9.27,-2.31589,13.0843,9.64453,1.31021,13.3465,9.29127,1.35562,0.32522,-1
61.9,1.02832,13.2611,9.285,-2.40904,13.0635,9.65886,1.21562,13.3592,9.3056,1.36215,0.342293,-1
62,0.929292,13.275,9.3,-2.53055,13.0345,9.6637,1.09159,13.3741,9.31044,1.36937,0.364595,-1
62.1,0.830069,13.2875,9.315,-2.65146,13.0051,9.67408,0.967956,13.3883,9.32082,1.3764,0.387624,-1
62.2,0.730671,13.2984,9.33,-2.7585,12.9778,9.70016,0.858094,13.3997,9.34691,1.38256,0.409038,-1
62.3,0.63112,13.3079,9.345,-2.86575,12.9475,9.72648,0.746983,13.4084,9.37322,1.38783,0.431316,-1
62.4,0.531438,13.3159,9.36,-2.92173,12.9301,9.7366,0.688431,13.4114,9.38334,1.3913,0.444504,-1
62.5,0.431648,13.3223,9.375,-3.02656,12.8963,9.75077,0.578382,13.416,9.39751,1.39526,0.467594,-1
62.6,0.331772,13.3273,9.39,-3.09754,12.8723,9.76097,0.503484,13.418,9.40771,1.39842,0.484486,-1
62.7,0.231832,13.3308,9.405,-3.18667,12.8412,9.77656,0.409082,13.4196,9.42331,1.40143,0.505569,-1
62.8,0.131852,13.3328,9.42,-3.24778,12.8188,9.7909,0.0486945,13.3665,9.40684,0.198668,0.0509064,1
62.9,0.0318529,13.3332,9.435,-3.35401,12.778,9.8107,0.0598341,13.4328,9.42208,0.155421,0.0357976,1
63,-0.0681419,13.3322,9.45,-3.44135,12.7425,9.83639,-0.074935,13.3484,9.48397,0.140133,0.0306515,1
63.1,-0.16811,13.3297,9.465,-3.52952,12.7041,9.83166,0.0305909,13.4959,9.4566,0.133032,0.0280533,1
63.2,-0.268029,13.3257,9.48,-3.62252,12.664,9.84162,-0.188648,13.3946,9.4881,0.129035,0.0266767,1
63.3,-0.367877,13.3202,9.495,-3.69021,12.634,9.85849,-0.295373,13.3647,9.50591,0.127293,0.0258427,1
63.4,-0.46763,13.3131,9.51,-3.7657,12.599,9.84897,-0.388984,13.3524,9.49447,0.126644,0.0251482,1
63.5,-0.567267,13.3046,9.525,-3.84096,12.5651,9.86388,-0.427808,13.3784,9.51518,0.126728,0.024584,1
63.6,-0.666766,13.2946,9.54,-3.92551,12.5253,9.87078,-0.521671,13.3504,9.53257,0.12712,0.0240475,1
63.7,-0.766102,13.2831,9.555,-3.98223,12.4982,9.89492,-0.560554,13.3632,9.56116,0.127837,0.0238191,1
63.8,-0.865256,13.2701,9.57,-4.14243,12.4168,9.92354,-0.704587,13.3861,9.58817,0.128208,0.0225969,1
63.9,-0.964203,13.2557,9.585,-4.22101,12.374,9.93182,-0.805532,13.3155,9.61712,0.129087,0.0221995,1
64,-1.06292,13.2397,9.6,-4.2975,12.3315,9.94279,-0.947943,13.2699,9.60289,0.129936,0.0218045,1
64.1,-1.16139,13.2223,9.615,-4.37926,12.2849,9.96606,-1.03808,13.2716,9.62157,0.130959,0.0212746,1
64.2,-1.25959,13.2034,9.63,-4.46103,12.2358,9.96253,-1.15058,13.2018,9.62164,0.132036,0.0207366,1
64.3,-1.35749,13.183,9.645,-4.55301,12.1809,9.97438,-1.2737,13.1738,9.62372,0.133015,0.020097,1
64.4,-1.45507,13.1612,9.66,-4.6112,12.1453,9.99121,-1.31663,13.1555,9.65795,0.134332,0.0197389,1
64.5,-1.55232,13.1379,9.675,-4.68988,12.0952,10.0092,-1.3622,13.1805,9.69507,0.13537,0.0192315,1
64.6,-1.64921,13.1131,9.69,-4.78502,12.0323,10.0294,-1.51778,13.0568,9.70852,0.136149,0.0186367,1
64.7,-1.74571,13.0869,9.705,-4.89341,11.9574,10.0548,-1.65141,13.0163,9.73022,0.136577,0.0179107,1
64.8,-1.84181,13.0592,9.72,-4.9468,11.9185,10.0557,-1.7293,12.969,9.72672,0.137682,0.0176122,1
64.9,-1.93748,13.0301,9.735,-5.05573,11.8389,10.064,-1.84348,12.929,9.74435,0.138027,0.0169128,1
65,-2.03271,12.9996,9.75,-5.16834,11.7552,10.0815,-1.94871,12.8221,9.79151,0.138238,0.0162634,1
65.1,-2.12747,12.9676,9.765,-5.22589,11.7108,10.0898,-2.03639,12.826,9.78252,0.138982,0.0160108,1
65.2,-2.22174,12.9343,9.78,-5.25637,11.6869,10.1025,-2.07446,12.8777,9.78321,0.140374,0.0158975,1
65.3,-2.31549,12.8995,9.795,-5.36127,11.6025,10.1025,-2.25411,12.7249,9.75569,0.140603,0.0153728,1
65.4,-2.40872,12.8633,9.81,-5.44733,11.5332,10.1218,-2.32326,12.802,9.7883,0.141045,0.0149691,1
65.5,-2.50139,12.8257,9.825,-5.53657,11.4585,10.133,-2.41232,12.7226,9.82204,0.141529,0.0146268,1
65.6,-2.59349,12.7868,9.84,-5.60182,11.4026,10.1617,-2.45235,12.7699,9.86973,0.142207,0.0144251,1
65.7,-2.68499,12.7464,9.855,-5.65426,11.355,10.1793,-2.55492,12.7028,9.85711,0.143114,0.0142971,1
65.8,-2.77588,12.7047,9.87,-5.73117,11.2827,10.1851,-2.63654,12.6399,9.87599,0.143373,0.0141068,1
65.9,-2.86613,12.6617,9.885,-5.81285,11.2051,10.2008,-2.79336,12.5776,9.85277,0.14335,0.0139605,1
66,-2.95572,12.6172,9.9,-5.85852,11.1602,10.2306,-2.86749,12.5645,9.871,0.144249,0.0138918,1
66.1,-3.04464,12.5715,9.915,-5.91485,11.1016,10.2434,-2.90525,12.5408,9.91049,0.144822,0.0138394,1
66.2,-3.13286,12.5244,9.93,-5.98936,11.0219,10.2563,-3.02149,12.5685,9.90468,0.144724,0.0138308,1
66.3,-3.22037,12.476,9.945,-6.07082,10.9326,10.2629,-3.14761,12.5447,9.89251,0.144555,0.0138962,1
66.4,-3.30714,12.4263,9.96,-6.12785,10.8692,10.2839,-3.2202,12.6312,9.91981,0.14513,0.0139918,1
66.5,-3.39316,12.3753,9.975,-6.19946,10.7862,10.2964,-3.30693,12.5359,9.94608,0.145257,0.0141728,1
66.6,-3.4784,12.323,9.99,-6.25454,10.7207,10.3056,-3.36987,12.4572,9.96603,0.145633,0.0143518,1
66.7,-3.56285,12.2695,10.005,-6.31463,10.6479,10.3375,-3.45879,12.4066,9.99161,0.145607,0.0145897,1
66.8,-3.64648,12.2146,10.02,-6.35784,10.592,10.3532,-3.52174,12.3107,10.0037,0.14601,0.0147978,1
66.9,-3.72928,12.1586,10.035,-6.41797,10.5116,10.3664,-3.62477,12.3015,10.0063,0.145479,0.0151492,1
67,-3.81123,12.1013,10.05,-6.47522,10.4329,10.3885,-3.66113,12.1266,10.0544,0.145145,0.0155582,1
67.1,-3.89232,12.0427,10.065,-6.5158,10.3745,10.4076,-3.72097,12.04,10.0716,0.144927,0.015857,1
67.2,-3.97251,11.983,10.08,-6.58954,10.2639,10.4133,-3.84553,11.9682,10.0686,0.142906,0.0165072,1
67.3,-4.0518,11.9221,10.095,-6.63639,10.1927,10.4273,-3.92815,11.9602,10.0774,0.142317,0.0170018,1
67.4,-4.13017,11.8599,10.11,-6.70692,10.0823,10.4381,-4.01265,11.8479,10.0982,0.140609,0.0178478,1
67.5,-4.2076,11.7967,10.125,-6.77603,9.97141,10.464,-4.12681,11.7954,10.1191,0.138697,0.0187605,1
67.6,-4.28407,11.7322,10.14,-6.82422,9.88945,10.47,-4.1988,11.7797,10.1303,0.13783,0.0195002,1
67.7,-4.35957,11.6666,10.155,-6.90172,9.75584,10.4901,-4.31381,11.6072,10.1443,0.135279,0.020768,1
67.8,-4.43407,11.5999,10.17,-6.95711,9.65575,10.5016,-4.3808,11.5351,10.1668,0.133565,0.021814,1
67.9,-4.50756,11.5321,10.185,-7.00707,9.56298,10.5144,-4.46876,11.5157,10.1784,0.132082,0.0228044,1
68,-4.58003,11.4632,10.2,-7.05118,9.47851,10.5268,-4.54184,11.51,10.1958,0.131048,0.0237653,1
68.1,-4.65146,11.3932,10.215,-7.1045,9.37322,10.5448,-4.62722,11.4174,10.2116,0.129361,0.0249881,1
68.2,-4.72183,11.3222,10.23,-7.15695,9.26487,10.5501,-4.68899,11.3176,10.2318,0.127429,0.0263108,1
68.3,-4.79112,11.2501,10.245,-7.20386,9.16663,10.5664,-4.75971,11.1415,10.2395,0.125706,0.0275234,1
68.4,-4.85933,11.177,10.26,-7.23448,9.09972,10.5969,-4.78375,11.0632,10.279,0.124697,0.0284385,1
68.5,-4.92643,11.1028,10.275,-7.27753,8.99753,10.6007,-4.80998,10.9635,10.3015,0.122284,0.0297479,1
68.6,-4.99241,11.0277,10.29,-7.30428,8.93332,10.6255,-4.92355,10.9466,10.2988,0.121273,0.0305192,1
68.7,-5.05726,10.9515,10.305,-7.35277,8.80835,10.6291,-5.01216,10.8763,10.3071,0.118191,0.0323329,1
68.8,-5.12095,10.8745,10.32,-7.38867,8.71482,10.6474,-5.07749,10.8316,10.3313,0.116399,0.0337932,1
68.9,-5.18349,10.7964,10.335,-7.43491,8.58741,10.6736,-5.17604,10.7746,10.3584,0.113353,0.035726,1
69,-5.24485,10.7175,10.35,-7.46518,8.49665,10.6899,-5.1958,10.616,10.3824,0.111771,0.0371785,1
69.1,-5.30501,10.6376,10.365,-7.50035,8.3852,10.7044,-5.27674,10.5039,10.3875,0.108962,0.0388689,1
69.2,-5.36397,10.5568,10.38,-7.54452,8.23781,10.7171,-5.38979,10.4734,10.4076,0.104731,0.0412187,1
69.3,-5.42172,10.4752,10.395,-7.57452,8.13289,10.7339,-5.42223,10.3159,10.4251,0.102496,0.0430189,1
69.4,-5.47823,10.3927,10.41,-7.61412,7.98509,10.7512,-5.54596,10.1975,10.4253,0.0982861,0.0454254,1
69.5,-5.5335,10.3093,10.425,-7.63957,7.88301,10.7706,-5.59284,10.1236,10.4541,0.0958665,0.0474107,1
69.6,-5.58751,10.2252,10.44,-7.65851,7.80023,10.7813,-5.72183,10.1774,10.4549,0.0941854,0.0490447,1
69.7,-5.64025,10.1402,10.455,-7.6824,7.69049,10.7849,-5.76833,10.0738,10.467,0.0918431,0.05129,1
69.8,-5.69171,10.0545,10.47,-7.70988,7.562,10.8073,-5.83836,9.98012,10.4952,0.0887169,0.053798,1
69.9,-5.74188,9.96796,10.485,-7.72693,7.47252,10.8341,-5.88268,9.86927,10.5089,0.0869923,0.0556622,1
70,-5.79075,9.88071,10.5,-7.74969,7.33273,10.8399,-5.93403,9.74318,10.5222,0.0832446,0.0583261,1
70.1,-5.83831,9.79274,10.515,-7.76323,7.24645,10.8419,-5.95209,9.61857,10.5204,0.0814055,0.0601483,1
70.2,-5.88453,9.70407,10.53,-7.77457,7.17322,10.8639,-5.9633,9.57799,10.5573,0.079806,0.0617822,1
70.3,-5.92943,9.61471,10.545,-7.78602,7.0868,10.8905,-5.97962,9.45934,10.5825,0.0778528,0.0634748,1
70.4,-5.97298,9.52469,10.56,-7.79706,6.98201,10.8947,-6.04193,9.36821,10.5811,0.0750275,0.0653795,1
70.5,-6.01517,9.43403,10.575,-7.81016,6.85258,10.9055,-6.14253,9.29178,10.5861,0.0714266,0.0678771,1
70.6,-6.056,9.34275,10.59,-7.82365,6.70317,10.9195,-6.21269,9.19581,10.6126,0.0673735,0.0709434,1
70.7,-6.09545,9.25086,10.605,-7.83258,6.58594,10.9351,-6.23166,9.07712,10.6383,0.0645858,0.073443,1
70.8,-6.13352,9.15839,10.62,-7.83844,6.48914,10.9569,-6.24683,8.93611,10.6508,0.062409,0.0754707,1
70.9,-6.1702,9.06536,10.635,-7.84078,6.42871,10.9765,-6.2599,8.86815,10.6695,0.0611921,0.0769686,1
71,-6.20549,8.97179,10.65,-7.8434,6.29143,10.9956,-6.29127,8.66823,10.6716,0.0574007,0.0794926,1
71.1,-6.23936,8.8777,10.665,-7.8434,6.18548,11.0101,-6.3424,8.61502,10.6954,0.0544017,0.0816559,1
71.2,-6.27182,8.78312,10.68,-7.84224,6.10505,11.0266,-6.37712,8.6443,10.7469,0.0525337,0.0836214,1
71.3,-6.30285,8.68805,10.695,-7.83897,5.99981,11.0367,-6.47672,8.57535,10.7309,0.0503001,0.0856201,1
71.4,-6.33246,8.59254,10.71,-7.8343,5.88635,11.058,-6.46898,8.4474,10.7665,0.0478728,0.0881136,1
71.5,-6.36063,8.49659,10.725,-7.82696,5.76894,11.0665,-6.53139,8.30675,10.748,0.0452532,0.090282,1
71.6,-6.38736,8.40023,10.74,-7.82229,5.70317,11.0781,-6.56424,8.28879,10.7759,0.0440291,0.0922363,1
71.7,-6.41264,8.30347,10.755,-7.81551,5.62118,11.0833,-6.58902,8.23866,10.7946,0.0424735,0.0942817,1
71.8,-6.43647,8.20635,10.77,-7.81139,5.57429,11.0976,-6.55577,8.16451,10.8146,0.0419695,0.0958753,1
71.9,-6.45883,8.10889,10.785,-7.80445,5.50659,11.1206,-6.48291,8.04326,10.8447,0.0407208,0.0973734,1
72,-6.47974,8.0111,10.8,-7.78967,5.38898,11.1436,-6.48527,7.90958,10.867,0.0378701,0.0985838,1
72.1,-6.49917,7.913,10.815,-7.77662,5.30151,11.1447,-6.52204,7.83211,10.8661,0.0358862,0.099639,1
72.2,-6.51713,7.81463,10.83,-7.76435,5.21988,11.1508,-6.52385,7.72666,10.8663,0.0341888,0.101117,1
72.3,-6.53361,7.716,10.845,-7.7464,5.10511,11.1711,-6.59225,7.59427,10.8714,0.0316554,0.102859,1
72.4,-6.54861,7.61713,10.86,-7.72969,5.01092,11.1775,-6.53346,7.46699,10.8758,0.029675,0.104952,1
72.5,-6.56213,7.51805,10.875,-7.70895,4.89813,11.1943,-6.49424,7.35155,10.8979,0.0273006,0.106557,1
72.6,-6.57415,7.41877,10.89,-7.68312,4.76985,11.2075,-6.56141,7.22496,10.9063,0.0247958,0.107786,1
72.7,-6.58469,7.31933,10.905,-7.67399,4.72741,11.2164,-6.57019,7.19162,10.9184,0.0241426,0.109326,1
72.8,-6.59374,7.21974,10.92,-7.65875,4.65953,11.2113,-6.59391,7.13968,10.9179,0.0230553,0.111013,1
72.9,-6.60129,7.12002,10.935,-7.63607,4.55604,11.2311,-6.60951,7.05733,10.9477,0.0214501,0.112997,1
73,-6.60734,7.02021,10.95,-7.60855,4.44131,11.2484,-6.62699,6.93984,10.9626,0.019848,0.114815,1
73.1,-6.6119,6.92031,10.965,-7.58816,4.36241,11.2613,-6.64213,6.83918,10.9631,0.0188959,0.116509,1
73.2,-6.61495,6.82036,10.98,-7.54958,4.22066,11.2944,-6.68825,6.66906,10.9779,0.0172018,0.118392,1
73.3,-6.61651,6.72037,10.995,-7.51015,4.09266,11.3176,-6.73525,6.5622,11.0133,0.0159194,0.120399,1
73.4,-6.61657,6.62037,11.01,-7.47076,3.97459,11.321,-6.77132,6.45416,11.0231,0.0150229,0.122267,1
73.5,-6.61513,6.52038,11.025,-7.4435,3.89383,11.3422,-6.72834,6.37205,11.0559,0.0145752,0.124182,1
73.6,-6.61218,6.42042,11.04,-7.41315,3.8098,11.3501,-6.70085,6.24951,11.0497,0.014209,0.12545,1
73.7,-6.60774,6.32052,11.055,-7.38665,3.73819,11.3795,-6.66405,6.16619,11.0779,0.0139735,0.126592,1
73.8,-6.6018,6.2207,11.07,-7.35894,3.66961,11.3991,-6.62394,6.06987,11.0911,0.0138341,0.12732,1
73.9,-6.59437,6.12098,11.085,-7.32302,3.58547,11.4169,-6.66576,5.95966,11.1036,0.0137909,0.127634,1
74,-6.58544,6.02138,11.1,-7.28928,3.51017,11.4326,-6.65445,5.88554,11.1231,0.0138958,0.128672,1
74.1,-6.57501,5.92192,11.115,-7.25668,3.44041,11.4561,-6.63309,5.83451,11.158,0.0141165,0.129587,1
74.2,-6.5631,5.82263,11.13,-7.2085,3.34329,11.4731,-6.59251,5.70937,11.1679,0.0146005,0.129823,1
74.3,-6.5497,5.72353,11.145,-7.16124,3.25197,11.472,-6.52308,5.6112,11.1669,0.0152823,0.129841,1
74.4,-6.53481,5.62465,11.16,-7.10397,3.141,11.4892,-6.4473,5.4356,11.1699,0.016391,0.129069,1
74.5,-6.51844,5.526,11.175,-7.04527,3.0319,11.4965,-6.4255,5.33857,11.182,0.0179036,0.127867,1
74.6,-6.5006,5.4276,11.19,-6.98443,2.92078,11.5177,-6.50813,5.21476,11.2102,0.0197722,0.126947,1
74.7,-6.48128,5.32949,11.205,-6.95865,2.87598,11.5217,-6.48922,5.20038,11.2409,0.0206734,0.128169,1
74.8,-6.46049,5.23167,11.22,-6.87303,2.72853,11.5389,-6.5172,5.06268,11.2753,0.0237863,0.12699,1
74.9,-6.43823,5.13418,11.235,-6.80027,2.60806,11.551,-6.39112,4.90854,11.2715,0.0266425,0.126381,1
75,-6.41452,5.03703,11.25,-6.78854,2.58917,11.5563,-6.4215,4.94889,11.299,0.0270876,0.127149,1
75.1,-6.38935,4.94025,11.265,-6.74569,2.52092,11.5664,-6.32137,4.87699,11.3146,0.0287466,0.12698,1
75.2,-6.36273,4.84386,11.28,-6.68158,2.42108,11.5645,-6.35185,4.75327,11.3093,0.0315288,0.12496,1
75.3,-6.33467,4.74788,11.295,-6.64889,2.36996,11.5704,-6.31257,4.67596,11.3042,0.0330754,0.125324,1
75.4,-6.30517,4.65233,11.31,-6.58834,2.27648,11.5899,-6.25471,4.57114,11.3222,0.0363707,0.124348,1
75.5,-6.27425,4.55723,11.325,-6.53293,2.1945,11.5983,-6.1909,4.49616,11.334,0.0395383,0.123249,1
75.6,-6.2419,4.46261,11.34,-6.4792,2.11642,11.6074,-6.13808,4.37966,11.3346,0.0427033,0.121832,1
75.7,-6.20813,4.36848,11.355,-6.43723,2.0566,11.6285,-6.1255,4.38698,11.3772,0.0455175,0.120894,1
75.8,-6.17296,4.27487,11.37,-6.39775,2.00279,11.6595,-5.98854,4.31097,11.4007,0.0477542,0.12005,1
75.9,-6.13638,4.1818,11.385,-6.34664,1.93747,11.6764,-5.96669,4.22087,11.4169,0.0507633,0.11728,1
76,-6.09842,4.08928,11.4,-6.26654,1.83859,11.6906,-5.87292,4.1476,11.4339,0.0561328,0.113968,1
76.1,-6.05907,3.99735,11.415,-6.1945,1.75219,11.6912,-5.86022,4.02566,11.4344,0.0608786,0.110587,1
76.2,-6.01834,3.90602,11.43,-6.11435,1.6562,11.7031,-5.78154,3.93009,11.447,0.066968,0.107745,1
76.3,-5.97625,3.81531,11.445,-6.04406,1.57401,11.7119,-5.75548,3.84999,11.4626,0.072442,0.105102,1
76.4,-5.93281,3.72524,11.46,-6.02454,1.55158,11.7279,-5.7443,3.82288,11.4788,0.0740821,0.105167,1
76.5,-5.88802,3.63583,11.475,-5.9458,1.46401,11.7426,-5.67806,3.69866,11.4849,0.0804549,0.102391,1
76.6,-5.84189,3.5471,11.49,-5.90529,1.42027,11.7688,-5.66984,3.66062,11.5206,0.0841866,0.101392,1
76.7,-5.79444,3.45908,11.505,-5.83016,1.34328,11.7936,-5.63546,3.50733,11.5269,0.0905288,0.0987811,1
76.8,-5.74567,3.37178,11.52,-5.79038,1.30449,11.8091,-5.68302,3.37647,11.5326,0.0946603,0.0980275,1
76.9,-5.6956,3.28522,11.535,-5.73463,1.25179,11.8191,-5.64616,3.30827,11.5412,0.100376,0.0966434,1
77,-5.64424,3.19942,11.55,-5.6498,1.1732,11.8425,-5.58744,3.19444,11.5438,0.108543,0.0938593,1
77.1,-5.59159,3.1144,11.565,-5.54879,1.0839,11.854,-5.51408,3.08891,11.5612,0.118274,0.0903518,1
77.2,-5.53768,3.03018,11.58,-5.46738,1.0136,11.8624,-5.47162,3.00232,11.5805,0.126352,0.0876496,1
77.3,-5.4825,2.94677,11.595,-5.38379,0.942619,11.8876,-5.45213,2.85652,11.5972,0.134624,0.0848654,1
77.4,-5.42609,2.86421,11.61,-5.27975,0.858702,11.9052,-5.38552,2.75927,11.6438,0.14505,0.0813117,1
77.5,-5.36844,2.7825,11.625,-5.24053,0.828188,11.9358,-5.3561,2.67596,11.6431,0.149473,0.0805911,1
77.6,-5.30957,2.70166,11.64,-5.12618,0.744721,11.9567,-5.22668,2.61713,11.6641,0.160819,0.0764065,1
77.7,-5.2495,2.62172,11.655,-5.06219,0.700025,11.9731,-5.19069,2.60541,11.6966,0.167257,0.0741409,1
77.8,-5.18823,2.54268,11.67,-4.97743,0.642876,11.9831,-5.09761,2.4825,11.6904,0.174811,0.0710221,1
77.9,-5.12578,2.46457,11.685,-4.90352,0.594102,12.0024,-5.12579,2.34933,11.7279,0.182528,0.0682756,1
78,-5.06218,2.38741,11.7,-4.78731,0.520593,12.0293,-5.02096,2.24074,11.7213,0.194128,0.064182,1
78.1,-4.99742,2.31121,11.715,-4.71478,0.477409,12.054,-5.00085,2.14989,11.7625,0.202103,0.061943,1
78.2,-4.93152,2.236,11.73,-4.66235,0.447919,12.0683,-4.94347,2.14218,11.7946,0.208096,0.0606041,1
78.3,-4.8645,2.16177,11.745,-4.60985,0.419375,12.0934,-4.85718,2.11122,11.8018,0.213658,0.0591041,1
78.4,-4.79638,2.08857,11.76,-4.5381,0.382655,12.1202,-4.74419,2.06136,11.8083,0.220839,0.056529,1
78.5,-4.72717,2.01639,11.775,-4.48284,0.356219,12.1393,-4.65351,2.06673,11.8139,0.226674,0.0542909,1
78.6,-4.65688,1.94526,11.79,-4.3958,0.316605,12.1409,-4.62909,1.98549,11.8264,0.234516,0.0506708,1
78.7,-4.58554,1.87519,11.805,-4.30392,0.274975,12.166,-4.54117,1.85873,11.8388,0.243596,0.0474324,1
78.8,-4.51315,1.8062,11.82,-4.22325,0.240835,12.1987,-4.46141,1.76553,11.854,0.252481,0.0446063,1
78.9,-4.43973,1.7383,11.835,-4.11682,0.199836,12.1974,-4.37536,1.69051,11.853,0.263659,0.0409656,1
79,-4.36531,1.67151,11.85,-4.08583,0.187853,12.2237,-4.35781,1.64648,11.884,0.268448,0.0399267,1
79.1,-4.28989,1.60584,11.865,-4.02063,0.164592,12.2256,-4.29417,1.63309,11.8797,0.276034,0.0378759,1
79.2,-4.21349,1.54132,11.88,-3.92286,0.129924,12.2523,-4.33994,1.60292,11.8773,0.0198377,0.0145222,3
79.3,-4.13614,1.47794,11.895,-3.83826,0.102441,12.2691,-4.292,1.574,11.888,0.0153416,0.0140821,3
79.4,-4.05784,1.41574,11.91,-3.72431,0.0675262,12.2689,-4.18722,1.47239,11.8924,0.0148794,0.0140029,3
79.5,-3.97862,1.35471,11.925,-3.64332,0.042694,12.2935,-4.08446,1.48154,11.9259,0.0154306,0.0140238,3
79.6,-3.89849,1.29488,11.94,-3.53156,0.0114122,12.3062,-3.95352,1.41808,11.9529,0.0163629,0.0141315,3
79.7,-3.81747,1.23626,11.955,-3.42681,-0.0164729,12.324,-3.85284,1.43741,11.9686,0.0174611,0.0142946,3
79.8,-3.73559,1.17886,11.97,-3.29027,-0.0502331,12.3516,-3.73309,1.3566,11.9981,0.0185828,0.0145608,3
79.9,-3.65285,1.1227,11.985,-3.1987,-0.0702107,12.364,-3.64548,1.29171,12.0163,0.0198458,0.0148098,3
80,-3.56928,1.06778,12,-3.11551,-0.0872805,12.3731,-3.57536,1.16138,12.035,0.021119,0.0150878,3
80.1,-3.48489,1.01413,12.015,-3.02059,-0.105855,12.3784,-3.48665,1.16909,12.0354,0.022249,0.0154404,3
